
build/amp_bootstrap.elf:     file format elf64-littleaarch64


Disassembly of section .text:

0000000020000000 <_start>:
    20000000:	d5034fdf 	msr	daifset, #0xf
    20000004:	d5033fdf 	isb
    20000008:	d5384240 	mrs	x0, currentel
    2000000c:	f100101f 	cmp	x0, #0x4
    20000010:	54000060 	b.eq	2000001c <_start+0x1c>  // b.none
    20000014:	d503205f 	wfe
    20000018:	17ffffff 	b	20000014 <_start+0x14>
    2000001c:	d50041bf 	msr	spsel, #0x1
    20000020:	d5033fdf 	isb
    20000024:	58000260 	ldr	x0, 20000070 <_start+0x70>
    20000028:	9100001f 	mov	sp, x0
    2000002c:	58000260 	ldr	x0, 20000078 <_start+0x78>
    20000030:	f900001f 	str	xzr, [x0]
    20000034:	d5033f9f 	dsb	sy
    20000038:	58000240 	ldr	x0, 20000080 <_start+0x80>
    2000003c:	d518c000 	msr	vbar_el1, x0
    20000040:	d5033fdf 	isb
    20000044:	58000220 	ldr	x0, 20000088 <_start+0x88>
    20000048:	58000241 	ldr	x1, 20000090 <_start+0x90>
    2000004c:	eb01001f 	cmp	x0, x1
    20000050:	54000062 	b.cs	2000005c <_start+0x5c>  // b.hs, b.nlast
    20000054:	f800841f 	str	xzr, [x0], #8
    20000058:	17fffffd 	b	2000004c <_start+0x4c>
    2000005c:	d5033f9f 	dsb	sy
    20000060:	d5033fdf 	isb
    20000064:	94000467 	bl	20001200 <amp_main>
    20000068:	d503205f 	wfe
    2000006c:	17ffffff 	b	20000068 <_start+0x68>
    20000070:	21000000 	.word	0x21000000
    20000074:	00000000 	.word	0x00000000
    20000078:	20fe0100 	.word	0x20fe0100
    2000007c:	00000000 	.word	0x00000000
    20000080:	20000800 	.word	0x20000800
    20000084:	00000000 	.word	0x00000000
    20000088:	20007f50 	.word	0x20007f50
    2000008c:	00000000 	.word	0x00000000
    20000090:	20028790 	.word	0x20028790
	...

0000000020000800 <_freertos_vector_table>:
    20000800:	14000200 d503201f d503201f d503201f     ..... ... ... ..
    20000810:	d503201f d503201f d503201f d503201f     . ... ... ... ..
    20000820:	d503201f d503201f d503201f d503201f     . ... ... ... ..
    20000830:	d503201f d503201f d503201f d503201f     . ... ... ... ..
    20000840:	d503201f d503201f d503201f d503201f     . ... ... ... ..
    20000850:	d503201f d503201f d503201f d503201f     . ... ... ... ..
    20000860:	d503201f d503201f d503201f d503201f     . ... ... ... ..
    20000870:	d503201f d503201f d503201f d503201f     . ... ... ... ..
    20000880:	14001760 d503201f d503201f d503201f     `.... ... ... ..
    20000890:	d503201f d503201f d503201f d503201f     . ... ... ... ..
    200008a0:	d503201f d503201f d503201f d503201f     . ... ... ... ..
    200008b0:	d503201f d503201f d503201f d503201f     . ... ... ... ..
    200008c0:	d503201f d503201f d503201f d503201f     . ... ... ... ..
    200008d0:	d503201f d503201f d503201f d503201f     . ... ... ... ..
    200008e0:	d503201f d503201f d503201f d503201f     . ... ... ... ..
    200008f0:	d503201f d503201f d503201f d503201f     . ... ... ... ..
    20000900:	d2800040 140001d7 d503201f d503201f     @........ ... ..
    20000910:	d503201f d503201f d503201f d503201f     . ... ... ... ..
    20000920:	d503201f d503201f d503201f d503201f     . ... ... ... ..
    20000930:	d503201f d503201f d503201f d503201f     . ... ... ... ..
    20000940:	d503201f d503201f d503201f d503201f     . ... ... ... ..
    20000950:	d503201f d503201f d503201f d503201f     . ... ... ... ..
    20000960:	d503201f d503201f d503201f d503201f     . ... ... ... ..
    20000970:	d503201f d503201f d503201f d503201f     . ... ... ... ..
    20000980:	d2800060 140001b7 d503201f d503201f     `........ ... ..
    20000990:	d503201f d503201f d503201f d503201f     . ... ... ... ..
    200009a0:	d503201f d503201f d503201f d503201f     . ... ... ... ..
    200009b0:	d503201f d503201f d503201f d503201f     . ... ... ... ..
    200009c0:	d503201f d503201f d503201f d503201f     . ... ... ... ..
    200009d0:	d503201f d503201f d503201f d503201f     . ... ... ... ..
    200009e0:	d503201f d503201f d503201f d503201f     . ... ... ... ..
    200009f0:	d503201f d503201f d503201f d503201f     . ... ... ... ..
    20000a00:	1400018c d503201f d503201f d503201f     ..... ... ... ..
    20000a10:	d503201f d503201f d503201f d503201f     . ... ... ... ..
    20000a20:	d503201f d503201f d503201f d503201f     . ... ... ... ..
    20000a30:	d503201f d503201f d503201f d503201f     . ... ... ... ..
    20000a40:	d503201f d503201f d503201f d503201f     . ... ... ... ..
    20000a50:	d503201f d503201f d503201f d503201f     . ... ... ... ..
    20000a60:	d503201f d503201f d503201f d503201f     . ... ... ... ..
    20000a70:	d503201f d503201f d503201f d503201f     . ... ... ... ..
    20000a80:	140016e0 d503201f d503201f d503201f     ..... ... ... ..
    20000a90:	d503201f d503201f d503201f d503201f     . ... ... ... ..
    20000aa0:	d503201f d503201f d503201f d503201f     . ... ... ... ..
    20000ab0:	d503201f d503201f d503201f d503201f     . ... ... ... ..
    20000ac0:	d503201f d503201f d503201f d503201f     . ... ... ... ..
    20000ad0:	d503201f d503201f d503201f d503201f     . ... ... ... ..
    20000ae0:	d503201f d503201f d503201f d503201f     . ... ... ... ..
    20000af0:	d503201f d503201f d503201f d503201f     . ... ... ... ..
    20000b00:	d28000c0 14000157 d503201f d503201f     ....W.... ... ..
    20000b10:	d503201f d503201f d503201f d503201f     . ... ... ... ..
    20000b20:	d503201f d503201f d503201f d503201f     . ... ... ... ..
    20000b30:	d503201f d503201f d503201f d503201f     . ... ... ... ..
    20000b40:	d503201f d503201f d503201f d503201f     . ... ... ... ..
    20000b50:	d503201f d503201f d503201f d503201f     . ... ... ... ..
    20000b60:	d503201f d503201f d503201f d503201f     . ... ... ... ..
    20000b70:	d503201f d503201f d503201f d503201f     . ... ... ... ..
    20000b80:	d28000e0 14000137 d503201f d503201f     ....7.... ... ..
    20000b90:	d503201f d503201f d503201f d503201f     . ... ... ... ..
    20000ba0:	d503201f d503201f d503201f d503201f     . ... ... ... ..
    20000bb0:	d503201f d503201f d503201f d503201f     . ... ... ... ..
    20000bc0:	d503201f d503201f d503201f d503201f     . ... ... ... ..
    20000bd0:	d503201f d503201f d503201f d503201f     . ... ... ... ..
    20000be0:	d503201f d503201f d503201f d503201f     . ... ... ... ..
    20000bf0:	d503201f d503201f d503201f d503201f     . ... ... ... ..
    20000c00:	d2800100 14000117 d503201f d503201f     ......... ... ..
    20000c10:	d503201f d503201f d503201f d503201f     . ... ... ... ..
    20000c20:	d503201f d503201f d503201f d503201f     . ... ... ... ..
    20000c30:	d503201f d503201f d503201f d503201f     . ... ... ... ..
    20000c40:	d503201f d503201f d503201f d503201f     . ... ... ... ..
    20000c50:	d503201f d503201f d503201f d503201f     . ... ... ... ..
    20000c60:	d503201f d503201f d503201f d503201f     . ... ... ... ..
    20000c70:	d503201f d503201f d503201f d503201f     . ... ... ... ..
    20000c80:	d2800120 140000f7 d503201f d503201f      ........ ... ..
    20000c90:	d503201f d503201f d503201f d503201f     . ... ... ... ..
    20000ca0:	d503201f d503201f d503201f d503201f     . ... ... ... ..
    20000cb0:	d503201f d503201f d503201f d503201f     . ... ... ... ..
    20000cc0:	d503201f d503201f d503201f d503201f     . ... ... ... ..
    20000cd0:	d503201f d503201f d503201f d503201f     . ... ... ... ..
    20000ce0:	d503201f d503201f d503201f d503201f     . ... ... ... ..
    20000cf0:	d503201f d503201f d503201f d503201f     . ... ... ... ..
    20000d00:	d2800140 140000d7 d503201f d503201f     @........ ... ..
    20000d10:	d503201f d503201f d503201f d503201f     . ... ... ... ..
    20000d20:	d503201f d503201f d503201f d503201f     . ... ... ... ..
    20000d30:	d503201f d503201f d503201f d503201f     . ... ... ... ..
    20000d40:	d503201f d503201f d503201f d503201f     . ... ... ... ..
    20000d50:	d503201f d503201f d503201f d503201f     . ... ... ... ..
    20000d60:	d503201f d503201f d503201f d503201f     . ... ... ... ..
    20000d70:	d503201f d503201f d503201f d503201f     . ... ... ... ..
    20000d80:	d2800160 140000b7 d503201f d503201f     `........ ... ..
    20000d90:	d503201f d503201f d503201f d503201f     . ... ... ... ..
    20000da0:	d503201f d503201f d503201f d503201f     . ... ... ... ..
    20000db0:	d503201f d503201f d503201f d503201f     . ... ... ... ..
    20000dc0:	d503201f d503201f d503201f d503201f     . ... ... ... ..
    20000dd0:	d503201f d503201f d503201f d503201f     . ... ... ... ..
    20000de0:	d503201f d503201f d503201f d503201f     . ... ... ... ..
    20000df0:	d503201f d503201f d503201f d503201f     . ... ... ... ..
    20000e00:	d2800180 14000097 d503201f d503201f     ......... ... ..
    20000e10:	d503201f d503201f d503201f d503201f     . ... ... ... ..
    20000e20:	d503201f d503201f d503201f d503201f     . ... ... ... ..
    20000e30:	d503201f d503201f d503201f d503201f     . ... ... ... ..
    20000e40:	d503201f d503201f d503201f d503201f     . ... ... ... ..
    20000e50:	d503201f d503201f d503201f d503201f     . ... ... ... ..
    20000e60:	d503201f d503201f d503201f d503201f     . ... ... ... ..
    20000e70:	d503201f d503201f d503201f d503201f     . ... ... ... ..
    20000e80:	d28001a0 14000077 d503201f d503201f     ....w.... ... ..
    20000e90:	d503201f d503201f d503201f d503201f     . ... ... ... ..
    20000ea0:	d503201f d503201f d503201f d503201f     . ... ... ... ..
    20000eb0:	d503201f d503201f d503201f d503201f     . ... ... ... ..
    20000ec0:	d503201f d503201f d503201f d503201f     . ... ... ... ..
    20000ed0:	d503201f d503201f d503201f d503201f     . ... ... ... ..
    20000ee0:	d503201f d503201f d503201f d503201f     . ... ... ... ..
    20000ef0:	d503201f d503201f d503201f d503201f     . ... ... ... ..
    20000f00:	d28001c0 14000057 d503201f d503201f     ....W.... ... ..
    20000f10:	d503201f d503201f d503201f d503201f     . ... ... ... ..
    20000f20:	d503201f d503201f d503201f d503201f     . ... ... ... ..
    20000f30:	d503201f d503201f d503201f d503201f     . ... ... ... ..
    20000f40:	d503201f d503201f d503201f d503201f     . ... ... ... ..
    20000f50:	d503201f d503201f d503201f d503201f     . ... ... ... ..
    20000f60:	d503201f d503201f d503201f d503201f     . ... ... ... ..
    20000f70:	d503201f d503201f d503201f d503201f     . ... ... ... ..
    20000f80:	d28001e0 14000037 d503201f d503201f     ....7.... ... ..
    20000f90:	d503201f d503201f d503201f d503201f     . ... ... ... ..
    20000fa0:	d503201f d503201f d503201f d503201f     . ... ... ... ..
    20000fb0:	d503201f d503201f d503201f d503201f     . ... ... ... ..
    20000fc0:	d503201f d503201f d503201f d503201f     . ... ... ... ..
    20000fd0:	d503201f d503201f d503201f d503201f     . ... ... ... ..
    20000fe0:	d503201f d503201f d503201f d503201f     . ... ... ... ..
    20000ff0:	d503201f d503201f d503201f d503201f     . ... ... ... ..

0000000020001000 <amp_sync_sp0>:
    20001000:	a9bf07e0 	stp	x0, x1, [sp, #-16]!
    20001004:	d5385200 	mrs	x0, esr_el1
    20001008:	d35afc01 	lsr	x1, x0, #26
    2000100c:	f100543f 	cmp	x1, #0x15
    20001010:	54000080 	b.eq	20001020 <amp_sync_sp0+0x20>  // b.none
    20001014:	a8c107e0 	ldp	x0, x1, [sp], #16
    20001018:	d2800000 	mov	x0, #0x0                   	// #0
    2000101c:	14000011 	b	20001060 <amp_exception_stop>
    20001020:	a8c107e0 	ldp	x0, x1, [sp], #16
    20001024:	140014b7 	b	20006300 <FreeRTOS_SWI_Handler>
    20001028:	d503201f 	nop
    2000102c:	d503201f 	nop

0000000020001030 <amp_sync_spx>:
    20001030:	a9bf07e0 	stp	x0, x1, [sp, #-16]!
    20001034:	d5385200 	mrs	x0, esr_el1
    20001038:	d35afc01 	lsr	x1, x0, #26
    2000103c:	f100543f 	cmp	x1, #0x15
    20001040:	54000080 	b.eq	20001050 <amp_sync_spx+0x20>  // b.none
    20001044:	a8c107e0 	ldp	x0, x1, [sp], #16
    20001048:	d2800080 	mov	x0, #0x4                   	// #4
    2000104c:	14000005 	b	20001060 <amp_exception_stop>
    20001050:	a8c107e0 	ldp	x0, x1, [sp], #16
    20001054:	140014ab 	b	20006300 <FreeRTOS_SWI_Handler>
    20001058:	d503201f 	nop
    2000105c:	d503201f 	nop

0000000020001060 <amp_exception_stop>:
    20001060:	d5034fdf 	msr	daifset, #0xf
    20001064:	580002e1 	ldr	x1, 200010c0 <amp_exception_stop+0x60>
    20001068:	f900003f 	str	xzr, [x1]
    2000106c:	d5033f9f 	dsb	sy
    20001070:	f9000420 	str	x0, [x1, #8]
    20001074:	d5384242 	mrs	x2, currentel
    20001078:	d342fc42 	lsr	x2, x2, #2
    2000107c:	f9000822 	str	x2, [x1, #16]
    20001080:	d5385202 	mrs	x2, esr_el1
    20001084:	f9000c22 	str	x2, [x1, #24]
    20001088:	d5384022 	mrs	x2, elr_el1
    2000108c:	f9001022 	str	x2, [x1, #32]
    20001090:	d5386002 	mrs	x2, far_el1
    20001094:	f9001422 	str	x2, [x1, #40]
    20001098:	d5384002 	mrs	x2, spsr_el1
    2000109c:	f9001822 	str	x2, [x1, #48]
    200010a0:	d53800a2 	mrs	x2, mpidr_el1
    200010a4:	f9001c22 	str	x2, [x1, #56]
    200010a8:	d5033f9f 	dsb	sy
    200010ac:	580000e2 	ldr	x2, 200010c8 <amp_exception_stop+0x68>
    200010b0:	f9000022 	str	x2, [x1]
    200010b4:	d5033f9f 	dsb	sy
    200010b8:	d503205f 	wfe
    200010bc:	17ffffff 	b	200010b8 <amp_exception_stop+0x58>
    200010c0:	20fe0100 	.word	0x20fe0100
    200010c4:	00000000 	.word	0x00000000
    200010c8:	50543031 	.word	0x50543031
    200010cc:	45584345 	.word	0x45584345

00000000200010d0 <rtos_stop>:
    200010d0:	d5034fdf 	msr	daifset, #0xf
    200010d4:	d2800001 	mov	x1, #0x0                   	// #0
    200010d8:	d51be221 	msr	cntp_ctl_el0, x1
    200010dc:	d2806001 	mov	x1, #0x300                 	// #768
    200010e0:	f2a41fc1 	movk	x1, #0x20fe, lsl #16
    200010e4:	f9000820 	str	x0, [x1, #16]
    200010e8:	d5033f9f 	dsb	sy
    200010ec:	d5033fdf 	isb
    200010f0:	d503205f 	wfe
    200010f4:	d503205f 	wfe
    200010f8:	17fffffe 	b	200010f0 <rtos_stop+0x20>
    200010fc:	d503201f 	nop

0000000020001100 <task_b>:
    20001100:	a9be7bfd 	stp	x29, x30, [sp, #-32]!
    20001104:	910003fd 	mov	x29, sp
    20001108:	a90153f3 	stp	x19, x20, [sp, #16]
    2000110c:	d2806013 	mov	x19, #0x300                 	// #768
    20001110:	f2a41fd3 	movk	x19, #0x20fe, lsl #16
    20001114:	d2800094 	mov	x20, #0x4                   	// #4
    20001118:	f9401260 	ldr	x0, [x19, #32]
    2000111c:	91000400 	add	x0, x0, #0x1
    20001120:	f9001260 	str	x0, [x19, #32]
    20001124:	9400063f 	bl	20002a20 <xTaskGetTickCount>
    20001128:	f9001a60 	str	x0, [x19, #48]
    2000112c:	f9000674 	str	x20, [x19, #8]
    20001130:	d5033f9f 	dsb	sy
    20001134:	d5033fdf 	isb
    20001138:	d2800c80 	mov	x0, #0x64                  	// #100
    2000113c:	94000621 	bl	200029c0 <vTaskDelay>
    20001140:	17fffff6 	b	20001118 <task_b+0x18>

0000000020001144 <task_a>:
    20001144:	a9be7bfd 	stp	x29, x30, [sp, #-32]!
    20001148:	910003fd 	mov	x29, sp
    2000114c:	a90153f3 	stp	x19, x20, [sp, #16]
    20001150:	d2806013 	mov	x19, #0x300                 	// #768
    20001154:	f2a41fd3 	movk	x19, #0x20fe, lsl #16
    20001158:	d2800094 	mov	x20, #0x4                   	// #4
    2000115c:	d503201f 	nop
    20001160:	f9400e60 	ldr	x0, [x19, #24]
    20001164:	91000400 	add	x0, x0, #0x1
    20001168:	f9000e60 	str	x0, [x19, #24]
    2000116c:	9400062d 	bl	20002a20 <xTaskGetTickCount>
    20001170:	f9001660 	str	x0, [x19, #40]
    20001174:	f9000674 	str	x20, [x19, #8]
    20001178:	d5033f9f 	dsb	sy
    2000117c:	d5033fdf 	isb
    20001180:	d2800640 	mov	x0, #0x32                  	// #50
    20001184:	9400060f 	bl	200029c0 <vTaskDelay>
    20001188:	17fffff6 	b	20001160 <task_a+0x1c>
    2000118c:	d503201f 	nop

0000000020001190 <amp_assert_failed>:
    20001190:	a9bf7bfd 	stp	x29, x30, [sp, #-16]!
    20001194:	aa0003e2 	mov	x2, x0
    20001198:	910003fd 	mov	x29, sp
    2000119c:	d5034fdf 	msr	daifset, #0xf
    200011a0:	d2806003 	mov	x3, #0x300                 	// #768
    200011a4:	2a0103e1 	mov	w1, w1
    200011a8:	f2a41fc3 	movk	x3, #0x20fe, lsl #16
    200011ac:	d2800020 	mov	x0, #0x1                   	// #1
    200011b0:	f9002062 	str	x2, [x3, #64]
    200011b4:	f9001c61 	str	x1, [x3, #56]
    200011b8:	97ffffc6 	bl	200010d0 <rtos_stop>
    200011bc:	d503201f 	nop

00000000200011c0 <vApplicationMallocFailedHook>:
    200011c0:	a9bf7bfd 	stp	x29, x30, [sp, #-16]!
    200011c4:	d2800040 	mov	x0, #0x2                   	// #2
    200011c8:	910003fd 	mov	x29, sp
    200011cc:	97ffffc1 	bl	200010d0 <rtos_stop>

00000000200011d0 <vApplicationStackOverflowHook>:
    200011d0:	a9bf7bfd 	stp	x29, x30, [sp, #-16]!
    200011d4:	aa0003e2 	mov	x2, x0
    200011d8:	910003fd 	mov	x29, sp
    200011dc:	d5034fdf 	msr	daifset, #0xf
    200011e0:	d2806003 	mov	x3, #0x300                 	// #768
    200011e4:	d2800060 	mov	x0, #0x3                   	// #3
    200011e8:	f2a41fc3 	movk	x3, #0x20fe, lsl #16
    200011ec:	f9002462 	str	x2, [x3, #72]
    200011f0:	f9002861 	str	x1, [x3, #80]
    200011f4:	97ffffb7 	bl	200010d0 <rtos_stop>
    200011f8:	d503201f 	nop
    200011fc:	d503201f 	nop

0000000020001200 <amp_main>:
    20001200:	a9bd7bfd 	stp	x29, x30, [sp, #-48]!
    20001204:	910003fd 	mov	x29, sp
    20001208:	a90153f3 	stp	x19, x20, [sp, #16]
    2000120c:	d2a41fd3 	mov	x19, #0x20fe0000            	// #553517056
    20001210:	a9025bf5 	stp	x21, x22, [sp, #32]
    20001214:	f900027f 	str	xzr, [x19]
    20001218:	d5033f9f 	dsb	sy
    2000121c:	d5033fdf 	isb
    20001220:	d5384240 	mrs	x0, currentel
    20001224:	d3420c00 	ubfx	x0, x0, #2, #2
    20001228:	f9000660 	str	x0, [x19, #8]
    2000122c:	d53800a0 	mrs	x0, mpidr_el1
    20001230:	f9000a60 	str	x0, [x19, #16]
    20001234:	d2800035 	mov	x21, #0x1                   	// #1
    20001238:	f9000e75 	str	x21, [x19, #24]
    2000123c:	d5033f9f 	dsb	sy
    20001240:	d5033fdf 	isb
    20001244:	d28b54a1 	mov	x1, #0x5aa5                	// #23205
    20001248:	d2806014 	mov	x20, #0x300                 	// #768
    2000124c:	f2ab54a1 	movk	x1, #0x5aa5, lsl #16
    20001250:	f2a41fd4 	movk	x20, #0x20fe, lsl #16
    20001254:	f2cab4a1 	movk	x1, #0x55a5, lsl #32
    20001258:	d2806100 	mov	x0, #0x308                 	// #776
    2000125c:	f2a41fc0 	movk	x0, #0x20fe, lsl #16
    20001260:	f2f4ab41 	movk	x1, #0xa55a, lsl #48
    20001264:	d2806202 	mov	x2, #0x310                 	// #784
    20001268:	f9000261 	str	x1, [x19]
    2000126c:	f2a41fc2 	movk	x2, #0x20fe, lsl #16
    20001270:	d2806301 	mov	x1, #0x318                 	// #792
    20001274:	f900029f 	str	xzr, [x20]
    20001278:	f2a41fc1 	movk	x1, #0x20fe, lsl #16
    2000127c:	f900001f 	str	xzr, [x0]
    20001280:	f900005f 	str	xzr, [x2]
    20001284:	f900003f 	str	xzr, [x1]
    20001288:	f9000c1f 	str	xzr, [x0, #24]
    2000128c:	f9000c5f 	str	xzr, [x2, #24]
    20001290:	f9000c3f 	str	xzr, [x1, #24]
    20001294:	f900181f 	str	xzr, [x0, #48]
    20001298:	f900185f 	str	xzr, [x2, #48]
    2000129c:	f900183f 	str	xzr, [x1, #48]
    200012a0:	f900241f 	str	xzr, [x0, #72]
    200012a4:	f9000695 	str	x21, [x20, #8]
    200012a8:	d5033f9f 	dsb	sy
    200012ac:	d5033fdf 	isb
    200012b0:	d2860620 	mov	x0, #0x3031                	// #12337
    200012b4:	f2aa6600 	movk	x0, #0x5330, lsl #16
    200012b8:	f2ca89e0 	movk	x0, #0x544f, lsl #32
    200012bc:	f2e8ca40 	movk	x0, #0x4652, lsl #48
    200012c0:	f9000280 	str	x0, [x20]
    200012c4:	d5033f9f 	dsb	sy
    200012c8:	d5033fdf 	isb
    200012cc:	d2800056 	mov	x22, #0x2                   	// #2
    200012d0:	94000060 	bl	20001450 <amp_wait_for_start>
    200012d4:	f9000696 	str	x22, [x20, #8]
    200012d8:	d5033f9f 	dsb	sy
    200012dc:	d5033fdf 	isb
    200012e0:	940011a1 	bl	20005964 <monitor_init>
    200012e4:	35000080 	cbnz	w0, 200012f4 <amp_main+0xf4>
    200012e8:	94000182 	bl	200018f0 <amp_ipc_init>
    200012ec:	94001271 	bl	20005cb0 <control_init>
    200012f0:	34000060 	cbz	w0, 200012fc <amp_main+0xfc>
    200012f4:	d2800080 	mov	x0, #0x4                   	// #4
    200012f8:	97ffff76 	bl	200010d0 <rtos_stop>
    200012fc:	b0000021 	adrp	x1, 20006000 <xPortStartScheduler+0x40>
    20001300:	90000000 	adrp	x0, 20001000 <amp_sync_sp0>
    20001304:	aa1503e4 	mov	x4, x21
    20001308:	9124e021 	add	x1, x1, #0x938
    2000130c:	91051000 	add	x0, x0, #0x144
    20001310:	d2800005 	mov	x5, #0x0                   	// #0
    20001314:	d2800003 	mov	x3, #0x0                   	// #0
    20001318:	52804002 	mov	w2, #0x200                 	// #512
    2000131c:	9400041e 	bl	20002394 <xTaskCreate>
    20001320:	f100041f 	cmp	x0, #0x1
    20001324:	54fffe81 	b.ne	200012f4 <amp_main+0xf4>  // b.any
    20001328:	aa0003e4 	mov	x4, x0
    2000132c:	b0000021 	adrp	x1, 20006000 <xPortStartScheduler+0x40>
    20001330:	90000000 	adrp	x0, 20001000 <amp_sync_sp0>
    20001334:	91250021 	add	x1, x1, #0x940
    20001338:	91040000 	add	x0, x0, #0x100
    2000133c:	d2800005 	mov	x5, #0x0                   	// #0
    20001340:	d2800003 	mov	x3, #0x0                   	// #0
    20001344:	52804002 	mov	w2, #0x200                 	// #512
    20001348:	94000413 	bl	20002394 <xTaskCreate>
    2000134c:	f100041f 	cmp	x0, #0x1
    20001350:	54fffd21 	b.ne	200012f4 <amp_main+0xf4>  // b.any
    20001354:	b0000021 	adrp	x1, 20006000 <xPortStartScheduler+0x40>
    20001358:	90000000 	adrp	x0, 20001000 <amp_sync_sp0>
    2000135c:	91252021 	add	x1, x1, #0x948
    20001360:	91258000 	add	x0, x0, #0x960
    20001364:	aa1603e4 	mov	x4, x22
    20001368:	d2800005 	mov	x5, #0x0                   	// #0
    2000136c:	d2800003 	mov	x3, #0x0                   	// #0
    20001370:	52804002 	mov	w2, #0x200                 	// #512
    20001374:	94000408 	bl	20002394 <xTaskCreate>
    20001378:	f100041f 	cmp	x0, #0x1
    2000137c:	54fffbc1 	b.ne	200012f4 <amp_main+0xf4>  // b.any
    20001380:	d2800060 	mov	x0, #0x3                   	// #3
    20001384:	f9000680 	str	x0, [x20, #8]
    20001388:	f9000e76 	str	x22, [x19, #24]
    2000138c:	d5033f9f 	dsb	sy
    20001390:	d5033fdf 	isb
    20001394:	940004a8 	bl	20002634 <vTaskStartScheduler>
    20001398:	d28000a0 	mov	x0, #0x5                   	// #5
    2000139c:	97ffff4d 	bl	200010d0 <rtos_stop>

00000000200013a0 <vApplicationIdleHook>:
    200013a0:	d53b4221 	mrs	x1, daif
    200013a4:	d2808100 	mov	x0, #0x408                 	// #1032
    200013a8:	f2a41fc0 	movk	x0, #0x20fe, lsl #16
    200013ac:	f9000001 	str	x1, [x0]
    200013b0:	d5384601 	mrs	x1, s3_0_c4_c6_0
    200013b4:	91002000 	add	x0, x0, #0x8
    200013b8:	f9000001 	str	x1, [x0]
    200013bc:	d538cce1 	mrs	x1, s3_0_c12_c12_7
    200013c0:	91002000 	add	x0, x0, #0x8
    200013c4:	f9000001 	str	x1, [x0]
    200013c8:	d538cc41 	mrs	x1, s3_0_c12_c12_2
    200013cc:	91002000 	add	x0, x0, #0x8
    200013d0:	f9000001 	str	x1, [x0]
    200013d4:	d538cb61 	mrs	x1, s3_0_c12_c11_3
    200013d8:	91002000 	add	x0, x0, #0x8
    200013dc:	f9000001 	str	x1, [x0]
    200013e0:	d53be221 	mrs	x1, cntp_ctl_el0
    200013e4:	91002000 	add	x0, x0, #0x8
    200013e8:	f9000001 	str	x1, [x0]
    200013ec:	d538c001 	mrs	x1, vbar_el1
    200013f0:	91002000 	add	x0, x0, #0x8
    200013f4:	f9000001 	str	x1, [x0]
    200013f8:	d5033f9f 	dsb	sy
    200013fc:	d2860621 	mov	x1, #0x3031                	// #12337
    20001400:	f2a60601 	movk	x1, #0x3030, lsl #16
    20001404:	f2c988a1 	movk	x1, #0x4c45, lsl #32
    20001408:	f2e92881 	movk	x1, #0x4944, lsl #48
    2000140c:	f81c8001 	stur	x1, [x0, #-56]
    20001410:	d5033f9f 	dsb	sy
    20001414:	d65f03c0 	ret
	...

0000000020001420 <stop_test>:
    20001420:	d50342df 	msr	daifset, #0x2
    20001424:	d2800001 	mov	x1, #0x0                   	// #0
    20001428:	d51be221 	msr	cntp_ctl_el0, x1
    2000142c:	d2804001 	mov	x1, #0x200                 	// #512
    20001430:	f2a41fc1 	movk	x1, #0x20fe, lsl #16
    20001434:	f9000c20 	str	x0, [x1, #24]
    20001438:	d5033f9f 	dsb	sy
    2000143c:	d5033fdf 	isb
    20001440:	d503205f 	wfe
    20001444:	d503205f 	wfe
    20001448:	17fffffe 	b	20001440 <stop_test+0x20>
    2000144c:	d503201f 	nop

0000000020001450 <amp_wait_for_start>:
    20001450:	d50342df 	msr	daifset, #0x2
    20001454:	d2804000 	mov	x0, #0x200                 	// #512
    20001458:	d2804c01 	mov	x1, #0x260                 	// #608
    2000145c:	f2a41fc0 	movk	x0, #0x20fe, lsl #16
    20001460:	f2a41fc1 	movk	x1, #0x20fe, lsl #16
    20001464:	d503201f 	nop
    20001468:	f800841f 	str	xzr, [x0], #8
    2000146c:	eb01001f 	cmp	x0, x1
    20001470:	54ffffc1 	b.ne	20001468 <amp_wait_for_start+0x18>  // b.any
    20001474:	d2804001 	mov	x1, #0x200                 	// #512
    20001478:	d2800020 	mov	x0, #0x1                   	// #1
    2000147c:	f2a41fc1 	movk	x1, #0x20fe, lsl #16
    20001480:	f9000820 	str	x0, [x1, #16]
    20001484:	d5033f9f 	dsb	sy
    20001488:	d5033fdf 	isb
    2000148c:	d2860620 	mov	x0, #0x3031                	// #12337
    20001490:	f2aa4600 	movk	x0, #0x5230, lsl #16
    20001494:	f2c9a8a0 	movk	x0, #0x4d45, lsl #32
    20001498:	f2ea8920 	movk	x0, #0x5449, lsl #48
    2000149c:	f9000020 	str	x0, [x1]
    200014a0:	d5033f9f 	dsb	sy
    200014a4:	d5033fdf 	isb
    200014a8:	f9400420 	ldr	x0, [x1, #8]
    200014ac:	f100041f 	cmp	x0, #0x1
    200014b0:	540000c0 	b.eq	200014c8 <amp_wait_for_start+0x78>  // b.none
    200014b4:	d503201f 	nop
    200014b8:	d503203f 	yield
    200014bc:	f9400420 	ldr	x0, [x1, #8]
    200014c0:	f100041f 	cmp	x0, #0x1
    200014c4:	54ffffa1 	b.ne	200014b8 <amp_wait_for_start+0x68>  // b.any
    200014c8:	d5033f9f 	dsb	sy
    200014cc:	d5033fdf 	isb
    200014d0:	d65f03c0 	ret

00000000200014d4 <amp_setup_tick>:
    200014d4:	a9bf7bfd 	stp	x29, x30, [sp, #-16]!
    200014d8:	d2804001 	mov	x1, #0x200                 	// #512
    200014dc:	f2a41fc1 	movk	x1, #0x20fe, lsl #16
    200014e0:	910003fd 	mov	x29, sp
    200014e4:	d2800040 	mov	x0, #0x2                   	// #2
    200014e8:	f9000820 	str	x0, [x1, #16]
    200014ec:	d5033f9f 	dsb	sy
    200014f0:	d5033fdf 	isb
    200014f4:	d2800000 	mov	x0, #0x0                   	// #0
    200014f8:	d51be220 	msr	cntp_ctl_el0, x0
    200014fc:	d5033f9f 	dsb	sy
    20001500:	d5033fdf 	isb
    20001504:	d53be000 	mrs	x0, cntfrq_el0
    20001508:	f9001820 	str	x0, [x1, #48]
    2000150c:	f1018c1f 	cmp	x0, #0x63
    20001510:	540011a9 	b.ls	20001744 <amp_setup_tick+0x270>  // b.plast
    20001514:	d29eb862 	mov	x2, #0xf5c3                	// #62915
    20001518:	d342fc00 	lsr	x0, x0, #2
    2000151c:	f2ab8502 	movk	x2, #0x5c28, lsl #16
    20001520:	d0000027 	adrp	x7, 20007000 <ullMaxAPIPriorityMask+0x580>
    20001524:	f2d851e2 	movk	x2, #0xc28f, lsl #32
    20001528:	f2e51ea2 	movk	x2, #0x28f5, lsl #48
    2000152c:	9bc27c00 	umulh	x0, x0, x2
    20001530:	d342fc00 	lsr	x0, x0, #2
    20001534:	f907a8e0 	str	x0, [x7, #3920]
    20001538:	f9001c20 	str	x0, [x1, #56]
    2000153c:	d53800a1 	mrs	x1, mpidr_el1
    20001540:	d348fc23 	lsr	x3, x1, #8
    20001544:	d2bfcd00 	mov	x0, #0xfe680000            	// #4268228608
    20001548:	d2a00086 	mov	x6, #0x40000               	// #262144
    2000154c:	d2a00045 	mov	x5, #0x20000               	// #131072
    20001550:	33005c23 	bfxil	w3, w1, #0, #24
    20001554:	12a03104 	mov	w4, #0xfe77ffff            	// #-25690113
    20001558:	f9400401 	ldr	x1, [x0, #8]
    2000155c:	d360fc22 	lsr	x2, x1, #32
    20001560:	6b02007f 	cmp	w3, w2
    20001564:	54000180 	b.eq	20001594 <amp_setup_tick+0xc0>  // b.none
    20001568:	372000c1 	tbnz	w1, #4, 20001580 <amp_setup_tick+0xac>
    2000156c:	f27f003f 	tst	x1, #0x2
    20001570:	9a8510c1 	csel	x1, x6, x5, ne  // ne = any
    20001574:	8b010000 	add	x0, x0, x1
    20001578:	eb04001f 	cmp	x0, x4
    2000157c:	54fffee9 	b.ls	20001558 <amp_setup_tick+0x84>  // b.plast
    20001580:	d2804001 	mov	x1, #0x200                 	// #512
    20001584:	d2800040 	mov	x0, #0x2                   	// #2
    20001588:	f2a41fc1 	movk	x1, #0x20fe, lsl #16
    2000158c:	f900203f 	str	xzr, [x1, #64]
    20001590:	97ffffa4 	bl	20001420 <stop_test>
    20001594:	d2804001 	mov	x1, #0x200                 	// #512
    20001598:	91005003 	add	x3, x0, #0x14
    2000159c:	f2a41fc1 	movk	x1, #0x20fe, lsl #16
    200015a0:	f9002020 	str	x0, [x1, #64]
    200015a4:	b9401401 	ldr	w1, [x0, #20]
    200015a8:	121e7821 	and	w1, w1, #0xfffffffd
    200015ac:	b9001401 	str	w1, [x0, #20]
    200015b0:	d5033f9f 	dsb	sy
    200015b4:	d5033fdf 	isb
    200015b8:	52884801 	mov	w1, #0x4240                	// #16960
    200015bc:	72a001e1 	movk	w1, #0xf, lsl #16
    200015c0:	14000004 	b	200015d0 <amp_setup_tick+0xfc>
    200015c4:	d503203f 	yield
    200015c8:	71000421 	subs	w1, w1, #0x1
    200015cc:	54000d80 	b.eq	2000177c <amp_setup_tick+0x2a8>  // b.none
    200015d0:	b9400062 	ldr	w2, [x3]
    200015d4:	3717ff82 	tbnz	w2, #2, 200015c4 <amp_setup_tick+0xf0>
    200015d8:	d2803001 	mov	x1, #0x180                 	// #384
    200015dc:	52a80002 	mov	w2, #0x40000000            	// #1073741824
    200015e0:	f2a00021 	movk	x1, #0x1, lsl #16
    200015e4:	b8216802 	str	w2, [x0, x1]
    200015e8:	d5033f9f 	dsb	sy
    200015ec:	d5033fdf 	isb
    200015f0:	52884801 	mov	w1, #0x4240                	// #16960
    200015f4:	72a001e1 	movk	w1, #0xf, lsl #16
    200015f8:	14000004 	b	20001608 <amp_setup_tick+0x134>
    200015fc:	d503203f 	yield
    20001600:	71000421 	subs	w1, w1, #0x1
    20001604:	54000b80 	b.eq	20001774 <amp_setup_tick+0x2a0>  // b.none
    20001608:	b9400002 	ldr	w2, [x0]
    2000160c:	371fff82 	tbnz	w2, #3, 200015fc <amp_setup_tick+0x128>
    20001610:	d2818083 	mov	x3, #0xc04                 	// #3076
    20001614:	d28083c6 	mov	x6, #0x41e                 	// #1054
    20001618:	f2a00023 	movk	x3, #0x1, lsl #16
    2000161c:	f2a00026 	movk	x6, #0x1, lsl #16
    20001620:	d2805005 	mov	x5, #0x280                 	// #640
    20001624:	d2807004 	mov	x4, #0x380                 	// #896
    20001628:	b8636801 	ldr	w1, [x0, x3]
    2000162c:	f2a00025 	movk	x5, #0x1, lsl #16
    20001630:	128003e8 	mov	w8, #0xffffffe0            	// #-32
    20001634:	f2a00024 	movk	x4, #0x1, lsl #16
    20001638:	12027821 	and	w1, w1, #0xdfffffff
    2000163c:	b8236801 	str	w1, [x0, x3]
    20001640:	38266808 	strb	w8, [x0, x6]
    20001644:	52a80002 	mov	w2, #0x40000000            	// #1073741824
    20001648:	b8256802 	str	w2, [x0, x5]
    2000164c:	b8246802 	str	w2, [x0, x4]
    20001650:	d5033f9f 	dsb	sy
    20001654:	d5033fdf 	isb
    20001658:	d2804003 	mov	x3, #0x200                 	// #512
    2000165c:	d2800061 	mov	x1, #0x3                   	// #3
    20001660:	f2a41fc3 	movk	x3, #0x20fe, lsl #16
    20001664:	f9000861 	str	x1, [x3, #16]
    20001668:	d538cca1 	mrs	x1, s3_0_c12_c12_5
    2000166c:	b2400021 	orr	x1, x1, #0x1
    20001670:	d518cca1 	msr	s3_0_c12_c12_5, x1
    20001674:	d5033f9f 	dsb	sy
    20001678:	d5033fdf 	isb
    2000167c:	d538cca1 	mrs	x1, s3_0_c12_c12_5
    20001680:	36000761 	tbz	w1, #0, 2000176c <amp_setup_tick+0x298>
    20001684:	d2801fe1 	mov	x1, #0xff                  	// #255
    20001688:	d5184601 	msr	s3_0_c4_c6_0, x1
    2000168c:	d2800001 	mov	x1, #0x0                   	// #0
    20001690:	d518cc61 	msr	s3_0_c12_c12_3, x1
    20001694:	d2800021 	mov	x1, #0x1                   	// #1
    20001698:	d518cce1 	msr	s3_0_c12_c12_7, x1
    2000169c:	d5033f9f 	dsb	sy
    200016a0:	d5033fdf 	isb
    200016a4:	d538cc81 	mrs	x1, s3_0_c12_c12_4
    200016a8:	f9002c61 	str	x1, [x3, #88]
    200016ac:	370805c1 	tbnz	w1, #1, 20001764 <amp_setup_tick+0x290>
    200016b0:	d3482821 	ubfx	x1, x1, #8, #3
    200016b4:	f100103f 	cmp	x1, #0x4
    200016b8:	54000521 	b.ne	2000175c <amp_setup_tick+0x288>  // b.any
    200016bc:	d2802001 	mov	x1, #0x100                 	// #256
    200016c0:	f2a00021 	movk	x1, #0x1, lsl #16
    200016c4:	8b010003 	add	x3, x0, x1
    200016c8:	b8216802 	str	w2, [x0, x1]
    200016cc:	d5033f9f 	dsb	sy
    200016d0:	d5033fdf 	isb
    200016d4:	52884801 	mov	w1, #0x4240                	// #16960
    200016d8:	72a001e1 	movk	w1, #0xf, lsl #16
    200016dc:	14000004 	b	200016ec <amp_setup_tick+0x218>
    200016e0:	d503203f 	yield
    200016e4:	71000421 	subs	w1, w1, #0x1
    200016e8:	54000360 	b.eq	20001754 <amp_setup_tick+0x280>  // b.none
    200016ec:	b9400002 	ldr	w2, [x0]
    200016f0:	371fff82 	tbnz	w2, #3, 200016e0 <amp_setup_tick+0x20c>
    200016f4:	b9400060 	ldr	w0, [x3]
    200016f8:	36f002a0 	tbz	w0, #30, 2000174c <amp_setup_tick+0x278>
    200016fc:	d2804001 	mov	x1, #0x200                 	// #512
    20001700:	d2800080 	mov	x0, #0x4                   	// #4
    20001704:	f2a41fc1 	movk	x1, #0x20fe, lsl #16
    20001708:	f9000820 	str	x0, [x1, #16]
    2000170c:	d53be020 	mrs	x0, cntpct_el0
    20001710:	f947a8e2 	ldr	x2, [x7, #3920]
    20001714:	8b020000 	add	x0, x0, x2
    20001718:	d51be240 	msr	cntp_cval_el0, x0
    2000171c:	d2800020 	mov	x0, #0x1                   	// #1
    20001720:	d51be220 	msr	cntp_ctl_el0, x0
    20001724:	d5033f9f 	dsb	sy
    20001728:	d5033fdf 	isb
    2000172c:	d28000a0 	mov	x0, #0x5                   	// #5
    20001730:	f9000820 	str	x0, [x1, #16]
    20001734:	d5033f9f 	dsb	sy
    20001738:	d5033fdf 	isb
    2000173c:	a8c17bfd 	ldp	x29, x30, [sp], #16
    20001740:	d65f03c0 	ret
    20001744:	d2800020 	mov	x0, #0x1                   	// #1
    20001748:	97ffff36 	bl	20001420 <stop_test>
    2000174c:	d2800120 	mov	x0, #0x9                   	// #9
    20001750:	97ffff34 	bl	20001420 <stop_test>
    20001754:	d28000e0 	mov	x0, #0x7                   	// #7
    20001758:	97ffff32 	bl	20001420 <stop_test>
    2000175c:	d2800160 	mov	x0, #0xb                   	// #11
    20001760:	97ffff30 	bl	20001420 <stop_test>
    20001764:	d2800140 	mov	x0, #0xa                   	// #10
    20001768:	97ffff2e 	bl	20001420 <stop_test>
    2000176c:	d28000c0 	mov	x0, #0x6                   	// #6
    20001770:	97ffff2c 	bl	20001420 <stop_test>
    20001774:	d2800080 	mov	x0, #0x4                   	// #4
    20001778:	97ffff2a 	bl	20001420 <stop_test>
    2000177c:	d2800060 	mov	x0, #0x3                   	// #3
    20001780:	97ffff28 	bl	20001420 <stop_test>

0000000020001784 <amp_clear_tick>:
    20001784:	d53be021 	mrs	x1, cntpct_el0
    20001788:	d0000020 	adrp	x0, 20007000 <ullMaxAPIPriorityMask+0x580>
    2000178c:	f947a800 	ldr	x0, [x0, #3920]
    20001790:	8b000020 	add	x0, x1, x0
    20001794:	d51be240 	msr	cntp_cval_el0, x0
    20001798:	d2804000 	mov	x0, #0x200                 	// #512
    2000179c:	d28000c2 	mov	x2, #0x6                   	// #6
    200017a0:	f2a41fc0 	movk	x0, #0x20fe, lsl #16
    200017a4:	f9002401 	str	x1, [x0, #72]
    200017a8:	f9401001 	ldr	x1, [x0, #32]
    200017ac:	91000421 	add	x1, x1, #0x1
    200017b0:	f9001001 	str	x1, [x0, #32]
    200017b4:	f9000802 	str	x2, [x0, #16]
    200017b8:	d5033f9f 	dsb	sy
    200017bc:	d5033fdf 	isb
    200017c0:	d65f03c0 	ret

00000000200017c4 <vApplicationIRQHandler>:
    200017c4:	d2804002 	mov	x2, #0x200                 	// #512
    200017c8:	12005c01 	and	w1, w0, #0xffffff
    200017cc:	f2a41fc2 	movk	x2, #0x20fe, lsl #16
    200017d0:	92405c00 	and	x0, x0, #0xffffff
    200017d4:	510ff023 	sub	w3, w1, #0x3fc
    200017d8:	f9001440 	str	x0, [x2, #40]
    200017dc:	71000c7f 	cmp	w3, #0x3
    200017e0:	54000089 	b.ls	200017f0 <vApplicationIRQHandler+0x2c>  // b.plast
    200017e4:	7100783f 	cmp	w1, #0x1e
    200017e8:	54000061 	b.ne	200017f4 <vApplicationIRQHandler+0x30>  // b.any
    200017ec:	14001249 	b	20006110 <FreeRTOS_Tick_Handler>
    200017f0:	d65f03c0 	ret
    200017f4:	a9bf7bfd 	stp	x29, x30, [sp, #-16]!
    200017f8:	d2800100 	mov	x0, #0x8                   	// #8
    200017fc:	910003fd 	mov	x29, sp
    20001800:	f9402841 	ldr	x1, [x2, #80]
    20001804:	91000421 	add	x1, x1, #0x1
    20001808:	f9002841 	str	x1, [x2, #80]
    2000180c:	97ffff05 	bl	20001420 <stop_test>

0000000020001810 <fill_status>:
    20001810:	a9bc7bfd 	stp	x29, x30, [sp, #-64]!
    20001814:	910003fd 	mov	x29, sp
    20001818:	f9000bf3 	str	x19, [sp, #16]
    2000181c:	aa0003f3 	mov	x19, x0
    20001820:	910083e0 	add	x0, sp, #0x20
    20001824:	94000ff3 	bl	200057f0 <monitor_snapshot>
    20001828:	52800801 	mov	w1, #0x40                  	// #64
    2000182c:	52800040 	mov	w0, #0x2                   	// #2
    20001830:	b9000661 	str	w1, [x19, #4]
    20001834:	b9001e60 	str	w0, [x19, #28]
    20001838:	9400047a 	bl	20002a20 <xTaskGetTickCount>
    2000183c:	d0000022 	adrp	x2, 20007000 <ullMaxAPIPriorityMask+0x580>
    20001840:	913d6041 	add	x1, x2, #0xf58
    20001844:	294423e9 	ldp	w9, w8, [sp, #32]
    20001848:	52800c8e 	mov	w14, #0x64                  	// #100
    2000184c:	2940ac2c 	ldp	w12, w11, [x1, #4]
    20001850:	29043a60 	stp	w0, w14, [x19, #32]
    20001854:	29451be7 	ldp	w7, w6, [sp, #40]
    20001858:	29081e68 	stp	w8, w7, [x19, #64]
    2000185c:	294613e5 	ldp	w5, w4, [sp, #48]
    20001860:	29091666 	stp	w6, w5, [x19, #72]
    20001864:	b94f584d 	ldr	w13, [x2, #3928]
    20001868:	2941842a 	ldp	w10, w1, [x1, #12]
    2000186c:	2905326d 	stp	w13, w12, [x19, #40]
    20001870:	29470be3 	ldp	w3, w2, [sp, #56]
    20001874:	29062a6b 	stp	w11, w10, [x19, #48]
    20001878:	29072661 	stp	w1, w9, [x19, #56]
    2000187c:	290a0e64 	stp	w4, w3, [x19, #80]
    20001880:	b9005a62 	str	w2, [x19, #88]
    20001884:	f9400bf3 	ldr	x19, [sp, #16]
    20001888:	a8c47bfd 	ldp	x29, x30, [sp], #64
    2000188c:	d65f03c0 	ret

0000000020001890 <cache_result.constprop.0>:
    20001890:	a9bd7bfd 	stp	x29, x30, [sp, #-48]!
    20001894:	aa0003e1 	mov	x1, x0
    20001898:	910003fd 	mov	x29, sp
    2000189c:	a90153f3 	stp	x19, x20, [sp, #16]
    200018a0:	aa0003f4 	mov	x20, x0
    200018a4:	d0000033 	adrp	x19, 20007000 <ullMaxAPIPriorityMask+0x580>
    200018a8:	913d6273 	add	x19, x19, #0xf58
    200018ac:	f90013f5 	str	x21, [sp, #32]
    200018b0:	91006260 	add	x0, x19, #0x18
    200018b4:	d2801e15 	mov	x21, #0xf0                  	// #240
    200018b8:	aa1503e2 	mov	x2, x21
    200018bc:	9400018d 	bl	20001ef0 <memcpy>
    200018c0:	aa1503e2 	mov	x2, x21
    200018c4:	9107e261 	add	x1, x19, #0x1f8
    200018c8:	91042260 	add	x0, x19, #0x108
    200018cc:	94000189 	bl	20001ef0 <memcpy>
    200018d0:	b9401281 	ldr	w1, [x20, #16]
    200018d4:	52800020 	mov	w0, #0x1                   	// #1
    200018d8:	b9001261 	str	w1, [x19, #16]
    200018dc:	b902ea60 	str	w0, [x19, #744]
    200018e0:	a94153f3 	ldp	x19, x20, [sp, #16]
    200018e4:	f94013f5 	ldr	x21, [sp, #32]
    200018e8:	a8c37bfd 	ldp	x29, x30, [sp], #48
    200018ec:	d65f03c0 	ret

00000000200018f0 <amp_ipc_init>:
    200018f0:	a9bf7bfd 	stp	x29, x30, [sp, #-16]!
    200018f4:	910003fd 	mov	x29, sp
    200018f8:	d5381000 	mrs	x0, sctlr_el1
    200018fc:	371001e0 	tbnz	w0, #2, 20001938 <amp_ipc_init+0x48>
    20001900:	d0000022 	adrp	x2, 20007000 <ullMaxAPIPriorityMask+0x580>
    20001904:	913d6041 	add	x1, x2, #0xf58
    20001908:	d2a41fa0 	mov	x0, #0x20fd0000            	// #553451520
    2000190c:	b90f585f 	str	wzr, [x2, #3928]
    20001910:	2900fc3f 	stp	wzr, wzr, [x1, #4]
    20001914:	2901fc3f 	stp	wzr, wzr, [x1, #12]
    20001918:	b902e83f 	str	wzr, [x1, #744]
    2000191c:	f901783f 	str	xzr, [x1, #752]
    20001920:	b902f83f 	str	wzr, [x1, #760]
    20001924:	b902fc3f 	str	wzr, [x1, #764]
    20001928:	94000eaa 	bl	200053d0 <amp_transport_init>
    2000192c:	350000e0 	cbnz	w0, 20001948 <amp_ipc_init+0x58>
    20001930:	a8c17bfd 	ldp	x29, x30, [sp], #16
    20001934:	d65f03c0 	ret
    20001938:	b0000020 	adrp	x0, 20006000 <xPortStartScheduler+0x40>
    2000193c:	52802d01 	mov	w1, #0x168                 	// #360
    20001940:	91254000 	add	x0, x0, #0x950
    20001944:	97fffe13 	bl	20001190 <amp_assert_failed>
    20001948:	b0000020 	adrp	x0, 20006000 <xPortStartScheduler+0x40>
    2000194c:	52802ea1 	mov	w1, #0x175                 	// #373
    20001950:	91254000 	add	x0, x0, #0x950
    20001954:	97fffe0f 	bl	20001190 <amp_assert_failed>
    20001958:	d503201f 	nop
    2000195c:	d503201f 	nop

0000000020001960 <amp_ipc_task>:
    20001960:	a9b87bfd 	stp	x29, x30, [sp, #-128]!
    20001964:	d2a41fa0 	mov	x0, #0x20fd0000            	// #553451520
    20001968:	910003fd 	mov	x29, sp
    2000196c:	94000eb1 	bl	20005430 <amp_transport_ready>
    20001970:	a90153f3 	stp	x19, x20, [sp, #16]
    20001974:	a9025bf5 	stp	x21, x22, [sp, #32]
    20001978:	a90363f7 	stp	x23, x24, [sp, #48]
    2000197c:	a9046bf9 	stp	x25, x26, [sp, #64]
    20001980:	f9002bfb 	str	x27, [sp, #80]
    20001984:	340000a0 	cbz	w0, 20001998 <amp_ipc_task+0x38>
    20001988:	b0000020 	adrp	x0, 20006000 <xPortStartScheduler+0x40>
    2000198c:	52803101 	mov	w1, #0x188                 	// #392
    20001990:	91254000 	add	x0, x0, #0x950
    20001994:	97fffdff 	bl	20001190 <amp_assert_failed>
    20001998:	d0000033 	adrp	x19, 20007000 <ullMaxAPIPriorityMask+0x580>
    2000199c:	d2803816 	mov	x22, #0x1c0                 	// #448
    200019a0:	913d6273 	add	x19, x19, #0xf58
    200019a4:	d2800818 	mov	x24, #0x40                  	// #64
    200019a8:	9400041e 	bl	20002a20 <xTaskGetTickCount>
    200019ac:	91138275 	add	x21, x19, #0x4e0
    200019b0:	aa0003f7 	mov	x23, x0
    200019b4:	52800014 	mov	w20, #0x0                   	// #0
    200019b8:	5280007a 	mov	w26, #0x3                   	// #3
    200019bc:	52800059 	mov	w25, #0x2                   	// #2
    200019c0:	f2a41fb6 	movk	x22, #0x20fd, lsl #16
    200019c4:	f2a41fb8 	movk	x24, #0x20fd, lsl #16
    200019c8:	1400000c 	b	200019f8 <amp_ipc_task+0x98>
    200019cc:	34000ab4 	cbz	w20, 20001b20 <amp_ipc_task+0x1c0>
    200019d0:	9107e261 	add	x1, x19, #0x1f8
    200019d4:	aa1603e0 	mov	x0, x22
    200019d8:	94000eae 	bl	20005490 <amp_channel_send>
    200019dc:	34000640 	cbz	w0, 20001aa4 <amp_ipc_task+0x144>
    200019e0:	7100081f 	cmp	w0, #0x2
    200019e4:	540011c1 	b.ne	20001c1c <amp_ipc_task+0x2bc>  // b.any
    200019e8:	52800034 	mov	w20, #0x1                   	// #1
    200019ec:	9400040d 	bl	20002a20 <xTaskGetTickCount>
    200019f0:	d2800020 	mov	x0, #0x1                   	// #1
    200019f4:	940003f3 	bl	200029c0 <vTaskDelay>
    200019f8:	52800000 	mov	w0, #0x0                   	// #0
    200019fc:	94000f4d 	bl	20005730 <monitor_beat>
    20001a00:	b942fe60 	ldr	w0, [x19, #764]
    20001a04:	34fffe40 	cbz	w0, 200019cc <amp_ipc_task+0x6c>
    20001a08:	910183e0 	add	x0, sp, #0x60
    20001a0c:	940010f5 	bl	20005de0 <control_receive>
    20001a10:	7100001f 	cmp	w0, #0x0
    20001a14:	5400244b 	b.lt	20001e9c <amp_ipc_task+0x53c>  // b.tstop
    20001a18:	540009c0 	b.eq	20001b50 <amp_ipc_task+0x1f0>  // b.none
    20001a1c:	f94033e4 	ldr	x4, [sp, #96]
    20001a20:	910c0262 	add	x2, x19, #0x300
    20001a24:	f9400440 	ldr	x0, [x2, #8]
    20001a28:	eb00009f 	cmp	x4, x0
    20001a2c:	54002301 	b.ne	20001e8c <amp_ipc_task+0x52c>  // b.any
    20001a30:	b9401040 	ldr	w0, [x2, #16]
    20001a34:	b9406be3 	ldr	w3, [sp, #104]
    20001a38:	6b00007f 	cmp	w3, w0
    20001a3c:	54002381 	b.ne	20001eac <amp_ipc_task+0x54c>  // b.any
    20001a40:	9107e260 	add	x0, x19, #0x1f8
    20001a44:	b9401445 	ldr	w5, [x2, #20]
    20001a48:	b9406fe1 	ldr	w1, [sp, #108]
    20001a4c:	d2800042 	mov	x2, #0x2                   	// #2
    20001a50:	f9000404 	str	x4, [x0, #8]
    20001a54:	29021403 	stp	w3, w5, [x0, #16]
    20001a58:	b900181f 	str	wzr, [x0, #24]
    20001a5c:	f900fe62 	str	x2, [x19, #504]
    20001a60:	7100043f 	cmp	w1, #0x1
    20001a64:	54000800 	b.eq	20001b64 <amp_ipc_task+0x204>  // b.none
    20001a68:	7100083f 	cmp	w1, #0x2
    20001a6c:	540008e0 	b.eq	20001b88 <amp_ipc_task+0x228>  // b.none
    20001a70:	340007e1 	cbz	w1, 20001b6c <amp_ipc_task+0x20c>
    20001a74:	52800081 	mov	w1, #0x4                   	// #4
    20001a78:	b9001801 	str	w1, [x0, #24]
    20001a7c:	b9400e60 	ldr	w0, [x19, #12]
    20001a80:	11000400 	add	w0, w0, #0x1
    20001a84:	b9000e60 	str	w0, [x19, #12]
    20001a88:	910c0260 	add	x0, x19, #0x300
    20001a8c:	97ffff81 	bl	20001890 <cache_result.constprop.0>
    20001a90:	9107e261 	add	x1, x19, #0x1f8
    20001a94:	aa1603e0 	mov	x0, x22
    20001a98:	b902fe7f 	str	wzr, [x19, #764]
    20001a9c:	94000e7d 	bl	20005490 <amp_channel_send>
    20001aa0:	35fffa00 	cbnz	w0, 200019e0 <amp_ipc_task+0x80>
    20001aa4:	b942fe60 	ldr	w0, [x19, #764]
    20001aa8:	340003c0 	cbz	w0, 20001b20 <amp_ipc_task+0x1c0>
    20001aac:	940003dd 	bl	20002a20 <xTaskGetTickCount>
    20001ab0:	aa0003fb 	mov	x27, x0
    20001ab4:	f9417a61 	ldr	x1, [x19, #752]
    20001ab8:	b4000301 	cbz	x1, 20001b18 <amp_ipc_task+0x1b8>
    20001abc:	cb170360 	sub	x0, x27, x23
    20001ac0:	52800014 	mov	w20, #0x0                   	// #0
    20001ac4:	f1018c1f 	cmp	x0, #0x63
    20001ac8:	54fff949 	b.ls	200019f0 <amp_ipc_task+0x90>  // b.plast
    20001acc:	b942fa62 	ldr	w2, [x19, #760]
    20001ad0:	aa1503e0 	mov	x0, x21
    20001ad4:	b90002ba 	str	w26, [x21]
    20001ad8:	11000442 	add	w2, w2, #0x1
    20001adc:	f90006a1 	str	x1, [x21, #8]
    20001ae0:	290266a2 	stp	w2, w25, [x21, #16]
    20001ae4:	b9001abf 	str	wzr, [x21, #24]
    20001ae8:	97ffff4a 	bl	20001810 <fill_status>
    20001aec:	aa1503e1 	mov	x1, x21
    20001af0:	aa1603e0 	mov	x0, x22
    20001af4:	94000e67 	bl	20005490 <amp_channel_send>
    20001af8:	2a0003f4 	mov	w20, w0
    20001afc:	350000a0 	cbnz	w0, 20001b10 <amp_ipc_task+0x1b0>
    20001b00:	b94012a0 	ldr	w0, [x21, #16]
    20001b04:	aa1b03f7 	mov	x23, x27
    20001b08:	b902fa60 	str	w0, [x19, #760]
    20001b0c:	17ffffb9 	b	200019f0 <amp_ipc_task+0x90>
    20001b10:	7100081f 	cmp	w0, #0x2
    20001b14:	540008c1 	b.ne	20001c2c <amp_ipc_task+0x2cc>  // b.any
    20001b18:	52800014 	mov	w20, #0x0                   	// #0
    20001b1c:	17ffffb5 	b	200019f0 <amp_ipc_task+0x90>
    20001b20:	910fc274 	add	x20, x19, #0x3f0
    20001b24:	aa1803e0 	mov	x0, x24
    20001b28:	aa1403e1 	mov	x1, x20
    20001b2c:	94000e7e 	bl	20005524 <amp_channel_receive>
    20001b30:	35000140 	cbnz	w0, 20001b58 <amp_ipc_task+0x1f8>
    20001b34:	b943f260 	ldr	w0, [x19, #1008]
    20001b38:	7100041f 	cmp	w0, #0x1
    20001b3c:	540002c0 	b.eq	20001b94 <amp_ipc_task+0x234>  // b.none
    20001b40:	b9400a60 	ldr	w0, [x19, #8]
    20001b44:	11000400 	add	w0, w0, #0x1
    20001b48:	b9000a60 	str	w0, [x19, #8]
    20001b4c:	17ffffd8 	b	20001aac <amp_ipc_task+0x14c>
    20001b50:	34fffab4 	cbz	w20, 20001aa4 <amp_ipc_task+0x144>
    20001b54:	17ffff9f 	b	200019d0 <amp_ipc_task+0x70>
    20001b58:	7100041f 	cmp	w0, #0x1
    20001b5c:	54ffff21 	b.ne	20001b40 <amp_ipc_task+0x1e0>  // b.any
    20001b60:	17ffffd3 	b	20001aac <amp_ipc_task+0x14c>
    20001b64:	b9001802 	str	w2, [x0, #24]
    20001b68:	17ffffc5 	b	20001a7c <amp_ipc_task+0x11c>
    20001b6c:	294e0be3 	ldp	w3, w2, [sp, #112]
    20001b70:	52800184 	mov	w4, #0xc                   	// #12
    20001b74:	b9407be1 	ldr	w1, [sp, #120]
    20001b78:	b9000404 	str	w4, [x0, #4]
    20001b7c:	29038803 	stp	w3, w2, [x0, #28]
    20001b80:	b9002401 	str	w1, [x0, #36]
    20001b84:	17ffffc1 	b	20001a88 <amp_ipc_task+0x128>
    20001b88:	528000e1 	mov	w1, #0x7                   	// #7
    20001b8c:	b9001801 	str	w1, [x0, #24]
    20001b90:	17ffffbb 	b	20001a7c <amp_ipc_task+0x11c>
    20001b94:	9107e260 	add	x0, x19, #0x1f8
    20001b98:	b9400261 	ldr	w1, [x19]
    20001b9c:	f9400682 	ldr	x2, [x20, #8]
    20001ba0:	11000421 	add	w1, w1, #0x1
    20001ba4:	29421283 	ldp	w3, w4, [x20, #16]
    20001ba8:	d2800045 	mov	x5, #0x2                   	// #2
    20001bac:	b9000261 	str	w1, [x19]
    20001bb0:	f100005f 	cmp	x2, #0x0
    20001bb4:	f9000402 	str	x2, [x0, #8]
    20001bb8:	7a401864 	ccmp	w3, #0x0, #0x4, ne  // ne = any
    20001bbc:	29021003 	stp	w3, w4, [x0, #16]
    20001bc0:	b900181f 	str	wzr, [x0, #24]
    20001bc4:	f900fe65 	str	x5, [x19, #504]
    20001bc8:	54000101 	b.ne	20001be8 <amp_ipc_task+0x288>  // b.any
    20001bcc:	b9400e60 	ldr	w0, [x19, #12]
    20001bd0:	b9021279 	str	w25, [x19, #528]
    20001bd4:	11000400 	add	w0, w0, #0x1
    20001bd8:	b9000e60 	str	w0, [x19, #12]
    20001bdc:	b942fe60 	ldr	w0, [x19, #764]
    20001be0:	34fff040 	cbz	w0, 200019e8 <amp_ipc_task+0x88>
    20001be4:	17ffffb2 	b	20001aac <amp_ipc_task+0x14c>
    20001be8:	b9401a81 	ldr	w1, [x20, #24]
    20001bec:	35ffff01 	cbnz	w1, 20001bcc <amp_ipc_task+0x26c>
    20001bf0:	f9417a61 	ldr	x1, [x19, #752]
    20001bf4:	eb01005f 	cmp	x2, x1
    20001bf8:	54000220 	b.eq	20001c3c <amp_ipc_task+0x2dc>  // b.none
    20001bfc:	71000c9f 	cmp	w4, #0x3
    20001c00:	540007a0 	b.eq	20001cf4 <amp_ipc_task+0x394>  // b.none
    20001c04:	b9400e61 	ldr	w1, [x19, #12]
    20001c08:	528000a2 	mov	w2, #0x5                   	// #5
    20001c0c:	b9001802 	str	w2, [x0, #24]
    20001c10:	11000420 	add	w0, w1, #0x1
    20001c14:	b9000e60 	str	w0, [x19, #12]
    20001c18:	17fffff1 	b	20001bdc <amp_ipc_task+0x27c>
    20001c1c:	b0000020 	adrp	x0, 20006000 <xPortStartScheduler+0x40>
    20001c20:	528034c1 	mov	w1, #0x1a6                 	// #422
    20001c24:	91254000 	add	x0, x0, #0x950
    20001c28:	97fffd5a 	bl	20001190 <amp_assert_failed>
    20001c2c:	b0000020 	adrp	x0, 20006000 <xPortStartScheduler+0x40>
    20001c30:	52803c41 	mov	w1, #0x1e2                 	// #482
    20001c34:	91254000 	add	x0, x0, #0x950
    20001c38:	97fffd56 	bl	20001190 <amp_assert_failed>
    20001c3c:	b942ea61 	ldr	w1, [x19, #744]
    20001c40:	34000161 	cbz	w1, 20001c6c <amp_ipc_task+0x30c>
    20001c44:	b9401261 	ldr	w1, [x19, #16]
    20001c48:	6b01007f 	cmp	w3, w1
    20001c4c:	54000bc0 	b.eq	20001dc4 <amp_ipc_task+0x464>  // b.none
    20001c50:	540000e2 	b.cs	20001c6c <amp_ipc_task+0x30c>  // b.hs, b.nlast
    20001c54:	b9400e61 	ldr	w1, [x19, #12]
    20001c58:	528000c2 	mov	w2, #0x6                   	// #6
    20001c5c:	b9001802 	str	w2, [x0, #24]
    20001c60:	11000420 	add	w0, w1, #0x1
    20001c64:	b9000e60 	str	w0, [x19, #12]
    20001c68:	17ffffdd 	b	20001bdc <amp_ipc_task+0x27c>
    20001c6c:	7100089f 	cmp	w4, #0x2
    20001c70:	54000780 	b.eq	20001d60 <amp_ipc_task+0x400>  // b.none
    20001c74:	54000229 	b.ls	20001cb8 <amp_ipc_task+0x358>  // b.plast
    20001c78:	71000c9f 	cmp	w4, #0x3
    20001c7c:	54000ee0 	b.eq	20001e58 <amp_ipc_task+0x4f8>  // b.none
    20001c80:	51004080 	sub	w0, w4, #0x10
    20001c84:	7100041f 	cmp	w0, #0x1
    20001c88:	54000468 	b.hi	20001d14 <amp_ipc_task+0x3b4>  // b.pmore
    20001c8c:	a9067fe2 	stp	x2, xzr, [sp, #96]
    20001c90:	910fc260 	add	x0, x19, #0x3f0
    20001c94:	b9400401 	ldr	w1, [x0, #4]
    20001c98:	b9006be3 	str	w3, [sp, #104]
    20001c9c:	f9003bff 	str	xzr, [sp, #112]
    20001ca0:	7100449f 	cmp	w4, #0x11
    20001ca4:	54000440 	b.eq	20001d2c <amp_ipc_task+0x3cc>  // b.none
    20001ca8:	7100203f 	cmp	w1, #0x8
    20001cac:	540006a0 	b.eq	20001d80 <amp_ipc_task+0x420>  // b.none
    20001cb0:	b9021279 	str	w25, [x19, #528]
    20001cb4:	14000028 	b	20001d54 <amp_ipc_task+0x3f4>
    20001cb8:	7100049f 	cmp	w4, #0x1
    20001cbc:	540002c1 	b.ne	20001d14 <amp_ipc_task+0x3b4>  // b.any
    20001cc0:	9107e262 	add	x2, x19, #0x1f8
    20001cc4:	b943f663 	ldr	w3, [x19, #1012]
    20001cc8:	910fc264 	add	x4, x19, #0x3f0
    20001ccc:	d2800380 	mov	x0, #0x1c                  	// #28
    20001cd0:	b9000443 	str	w3, [x2, #4]
    20001cd4:	14000004 	b	20001ce4 <amp_ipc_task+0x384>
    20001cd8:	38606881 	ldrb	w1, [x4, x0]
    20001cdc:	38206841 	strb	w1, [x2, x0]
    20001ce0:	91000400 	add	x0, x0, #0x1
    20001ce4:	51007001 	sub	w1, w0, #0x1c
    20001ce8:	6b01007f 	cmp	w3, w1
    20001cec:	54ffff68 	b.hi	20001cd8 <amp_ipc_task+0x378>  // b.pmore
    20001cf0:	14000006 	b	20001d08 <amp_ipc_task+0x3a8>
    20001cf4:	b9400680 	ldr	w0, [x20, #4]
    20001cf8:	35fff6a0 	cbnz	w0, 20001bcc <amp_ipc_task+0x26c>
    20001cfc:	b900127f 	str	wzr, [x19, #16]
    20001d00:	b902ea7f 	str	wzr, [x19, #744]
    20001d04:	f9017a62 	str	x2, [x19, #752]
    20001d08:	910fc260 	add	x0, x19, #0x3f0
    20001d0c:	97fffee1 	bl	20001890 <cache_result.constprop.0>
    20001d10:	17ffffb3 	b	20001bdc <amp_ipc_task+0x27c>
    20001d14:	52800020 	mov	w0, #0x1                   	// #1
    20001d18:	b9021260 	str	w0, [x19, #528]
    20001d1c:	b9400e60 	ldr	w0, [x19, #12]
    20001d20:	11000400 	add	w0, w0, #0x1
    20001d24:	b9000e60 	str	w0, [x19, #12]
    20001d28:	17fffff8 	b	20001d08 <amp_ipc_task+0x3a8>
    20001d2c:	35fffc21 	cbnz	w1, 20001cb0 <amp_ipc_task+0x350>
    20001d30:	b9006ffa 	str	w26, [sp, #108]
    20001d34:	910fc261 	add	x1, x19, #0x3f0
    20001d38:	d2801e02 	mov	x2, #0xf0                  	// #240
    20001d3c:	910c0260 	add	x0, x19, #0x300
    20001d40:	9400006c 	bl	20001ef0 <memcpy>
    20001d44:	910183e0 	add	x0, sp, #0x60
    20001d48:	9400100e 	bl	20005d80 <control_submit>
    20001d4c:	340009a0 	cbz	w0, 20001e80 <amp_ipc_task+0x520>
    20001d50:	b902127a 	str	w26, [x19, #528]
    20001d54:	b9421260 	ldr	w0, [x19, #528]
    20001d58:	34fffd80 	cbz	w0, 20001d08 <amp_ipc_task+0x3a8>
    20001d5c:	17fffff0 	b	20001d1c <amp_ipc_task+0x3bc>
    20001d60:	b943f660 	ldr	w0, [x19, #1012]
    20001d64:	34000060 	cbz	w0, 20001d70 <amp_ipc_task+0x410>
    20001d68:	b9021279 	str	w25, [x19, #528]
    20001d6c:	17ffffec 	b	20001d1c <amp_ipc_task+0x3bc>
    20001d70:	9107e260 	add	x0, x19, #0x1f8
    20001d74:	b9001263 	str	w3, [x19, #16]
    20001d78:	97fffea6 	bl	20001810 <fill_status>
    20001d7c:	17fffff6 	b	20001d54 <amp_ipc_task+0x3f4>
    20001d80:	29438001 	ldp	w1, w0, [x0, #28]
    20001d84:	340009e1 	cbz	w1, 20001ec0 <amp_ipc_task+0x560>
    20001d88:	7100043f 	cmp	w1, #0x1
    20001d8c:	54000980 	b.eq	20001ebc <amp_ipc_task+0x55c>  // b.none
    20001d90:	7100083f 	cmp	w1, #0x2
    20001d94:	54fff8e1 	b.ne	20001cb0 <amp_ipc_task+0x350>  // b.any
    20001d98:	51019002 	sub	w2, w0, #0x64
    20001d9c:	b9006fe1 	str	w1, [sp, #108]
    20001da0:	5284d581 	mov	w1, #0x26ac                	// #9900
    20001da4:	6b01005f 	cmp	w2, w1
    20001da8:	54fff848 	b.hi	20001cb0 <amp_ipc_task+0x350>  // b.pmore
    20001dac:	52800282 	mov	w2, #0x14                  	// #20
    20001db0:	1ac20801 	udiv	w1, w0, w2
    20001db4:	1b028021 	msub	w1, w1, w2, w0
    20001db8:	35fff7c1 	cbnz	w1, 20001cb0 <amp_ipc_task+0x350>
    20001dbc:	b90073e0 	str	w0, [sp, #112]
    20001dc0:	17ffffdd 	b	20001d34 <amp_ipc_task+0x3d4>
    20001dc4:	b9401a61 	ldr	w1, [x19, #24]
    20001dc8:	7100043f 	cmp	w1, #0x1
    20001dcc:	540004e1 	b.ne	20001e68 <amp_ipc_task+0x508>  // b.any
    20001dd0:	f9401261 	ldr	x1, [x19, #32]
    20001dd4:	eb01005f 	cmp	x2, x1
    20001dd8:	54000481 	b.ne	20001e68 <amp_ipc_task+0x508>  // b.any
    20001ddc:	f9400a81 	ldr	x1, [x20, #16]
    20001de0:	f9401660 	ldr	x0, [x19, #40]
    20001de4:	eb00003f 	cmp	x1, x0
    20001de8:	54000401 	b.ne	20001e68 <amp_ipc_task+0x508>  // b.any
    20001dec:	b9403260 	ldr	w0, [x19, #48]
    20001df0:	91006261 	add	x1, x19, #0x18
    20001df4:	350003a0 	cbnz	w0, 20001e68 <amp_ipc_task+0x508>
    20001df8:	b9400420 	ldr	w0, [x1, #4]
    20001dfc:	910fc263 	add	x3, x19, #0x3f0
    20001e00:	b9400462 	ldr	w2, [x3, #4]
    20001e04:	6b00005f 	cmp	w2, w0
    20001e08:	54000301 	b.ne	20001e68 <amp_ipc_task+0x508>  // b.any
    20001e0c:	d2800380 	mov	x0, #0x1c                  	// #28
    20001e10:	14000007 	b	20001e2c <amp_ipc_task+0x4cc>
    20001e14:	38606864 	ldrb	w4, [x3, x0]
    20001e18:	91000400 	add	x0, x0, #0x1
    20001e1c:	8b000025 	add	x5, x1, x0
    20001e20:	385ff0a5 	ldurb	w5, [x5, #-1]
    20001e24:	6b0400bf 	cmp	w5, w4
    20001e28:	54000201 	b.ne	20001e68 <amp_ipc_task+0x508>  // b.any
    20001e2c:	51007004 	sub	w4, w0, #0x1c
    20001e30:	6b02009f 	cmp	w4, w2
    20001e34:	54ffff03 	b.cc	20001e14 <amp_ipc_task+0x4b4>  // b.lo, b.ul, b.last
    20001e38:	b9400663 	ldr	w3, [x19, #4]
    20001e3c:	91042261 	add	x1, x19, #0x108
    20001e40:	9107e260 	add	x0, x19, #0x1f8
    20001e44:	d2801e02 	mov	x2, #0xf0                  	// #240
    20001e48:	11000463 	add	w3, w3, #0x1
    20001e4c:	b9000663 	str	w3, [x19, #4]
    20001e50:	94000028 	bl	20001ef0 <memcpy>
    20001e54:	17ffff62 	b	20001bdc <amp_ipc_task+0x27c>
    20001e58:	b943f660 	ldr	w0, [x19, #1012]
    20001e5c:	34fff560 	cbz	w0, 20001d08 <amp_ipc_task+0x3a8>
    20001e60:	b9021279 	str	w25, [x19, #528]
    20001e64:	17ffffae 	b	20001d1c <amp_ipc_task+0x3bc>
    20001e68:	b9400e60 	ldr	w0, [x19, #12]
    20001e6c:	528000c1 	mov	w1, #0x6                   	// #6
    20001e70:	b9021261 	str	w1, [x19, #528]
    20001e74:	11000400 	add	w0, w0, #0x1
    20001e78:	b9000e60 	str	w0, [x19, #12]
    20001e7c:	17ffff58 	b	20001bdc <amp_ipc_task+0x27c>
    20001e80:	52800020 	mov	w0, #0x1                   	// #1
    20001e84:	b902fe60 	str	w0, [x19, #764]
    20001e88:	17ffff09 	b	20001aac <amp_ipc_task+0x14c>
    20001e8c:	b0000020 	adrp	x0, 20006000 <xPortStartScheduler+0x40>
    20001e90:	52802701 	mov	w1, #0x138                 	// #312
    20001e94:	91254000 	add	x0, x0, #0x950
    20001e98:	97fffcbe 	bl	20001190 <amp_assert_failed>
    20001e9c:	b0000020 	adrp	x0, 20006000 <xPortStartScheduler+0x40>
    20001ea0:	52802661 	mov	w1, #0x133                 	// #307
    20001ea4:	91254000 	add	x0, x0, #0x950
    20001ea8:	97fffcba 	bl	20001190 <amp_assert_failed>
    20001eac:	b0000020 	adrp	x0, 20006000 <xPortStartScheduler+0x40>
    20001eb0:	52802721 	mov	w1, #0x139                 	// #313
    20001eb4:	91254000 	add	x0, x0, #0x950
    20001eb8:	97fffcb6 	bl	20001190 <amp_assert_failed>
    20001ebc:	b9006fe1 	str	w1, [sp, #108]
    20001ec0:	34fff7e0 	cbz	w0, 20001dbc <amp_ipc_task+0x45c>
    20001ec4:	b9021279 	str	w25, [x19, #528]
    20001ec8:	17ffffa3 	b	20001d54 <amp_ipc_task+0x3f4>
    20001ecc:	00000000 	udf	#0

0000000020001ed0 <memset>:
    20001ed0:	8b020004 	add	x4, x0, x2
    20001ed4:	12001c21 	and	w1, w1, #0xff
    20001ed8:	aa0003e3 	mov	x3, x0
    20001edc:	b4000082 	cbz	x2, 20001eec <memset+0x1c>
    20001ee0:	38001461 	strb	w1, [x3], #1
    20001ee4:	eb04007f 	cmp	x3, x4
    20001ee8:	54ffffc1 	b.ne	20001ee0 <memset+0x10>  // b.any
    20001eec:	d65f03c0 	ret

0000000020001ef0 <memcpy>:
    20001ef0:	b40000e2 	cbz	x2, 20001f0c <memcpy+0x1c>
    20001ef4:	d2800003 	mov	x3, #0x0                   	// #0
    20001ef8:	38636824 	ldrb	w4, [x1, x3]
    20001efc:	38236804 	strb	w4, [x0, x3]
    20001f00:	91000463 	add	x3, x3, #0x1
    20001f04:	eb02007f 	cmp	x3, x2
    20001f08:	54ffff81 	b.ne	20001ef8 <memcpy+0x8>  // b.any
    20001f0c:	d65f03c0 	ret

0000000020001f10 <memmove>:
    20001f10:	f100005f 	cmp	x2, #0x0
    20001f14:	fa411004 	ccmp	x0, x1, #0x4, ne  // ne = any
    20001f18:	54000160 	b.eq	20001f44 <memmove+0x34>  // b.none
    20001f1c:	d1000443 	sub	x3, x2, #0x1
    20001f20:	eb01001f 	cmp	x0, x1
    20001f24:	54000122 	b.cs	20001f48 <memmove+0x38>  // b.hs, b.nlast
    20001f28:	d2800003 	mov	x3, #0x0                   	// #0
    20001f2c:	d503201f 	nop
    20001f30:	38636824 	ldrb	w4, [x1, x3]
    20001f34:	38236804 	strb	w4, [x0, x3]
    20001f38:	91000463 	add	x3, x3, #0x1
    20001f3c:	eb03005f 	cmp	x2, x3
    20001f40:	54ffff81 	b.ne	20001f30 <memmove+0x20>  // b.any
    20001f44:	d65f03c0 	ret
    20001f48:	38636822 	ldrb	w2, [x1, x3]
    20001f4c:	38236802 	strb	w2, [x0, x3]
    20001f50:	d1000463 	sub	x3, x3, #0x1
    20001f54:	b100047f 	cmn	x3, #0x1
    20001f58:	54ffff60 	b.eq	20001f44 <memmove+0x34>  // b.none
    20001f5c:	38636822 	ldrb	w2, [x1, x3]
    20001f60:	38236802 	strb	w2, [x0, x3]
    20001f64:	d1000463 	sub	x3, x3, #0x1
    20001f68:	b100047f 	cmn	x3, #0x1
    20001f6c:	54fffee1 	b.ne	20001f48 <memmove+0x38>  // b.any
    20001f70:	17fffff5 	b	20001f44 <memmove+0x34>

0000000020001f74 <memcmp>:
    20001f74:	b4000182 	cbz	x2, 20001fa4 <memcmp+0x30>
    20001f78:	d2800003 	mov	x3, #0x0                   	// #0
    20001f7c:	14000003 	b	20001f88 <memcmp+0x14>
    20001f80:	eb02007f 	cmp	x3, x2
    20001f84:	54000100 	b.eq	20001fa4 <memcmp+0x30>  // b.none
    20001f88:	38636804 	ldrb	w4, [x0, x3]
    20001f8c:	38636825 	ldrb	w5, [x1, x3]
    20001f90:	91000463 	add	x3, x3, #0x1
    20001f94:	6b05009f 	cmp	w4, w5
    20001f98:	54ffff40 	b.eq	20001f80 <memcmp+0xc>  // b.none
    20001f9c:	4b050080 	sub	w0, w4, w5
    20001fa0:	d65f03c0 	ret
    20001fa4:	52800000 	mov	w0, #0x0                   	// #0
    20001fa8:	d65f03c0 	ret
    20001fac:	d503201f 	nop

0000000020001fb0 <strlen>:
    20001fb0:	aa0003e2 	mov	x2, x0
    20001fb4:	39400000 	ldrb	w0, [x0]
    20001fb8:	340000c0 	cbz	w0, 20001fd0 <strlen+0x20>
    20001fbc:	d2800000 	mov	x0, #0x0                   	// #0
    20001fc0:	91000400 	add	x0, x0, #0x1
    20001fc4:	38606841 	ldrb	w1, [x2, x0]
    20001fc8:	35ffffc1 	cbnz	w1, 20001fc0 <strlen+0x10>
    20001fcc:	d65f03c0 	ret
    20001fd0:	d2800000 	mov	x0, #0x0                   	// #0
    20001fd4:	d65f03c0 	ret
    20001fd8:	d503201f 	nop
    20001fdc:	d503201f 	nop

0000000020001fe0 <strcpy>:
    20001fe0:	d2800002 	mov	x2, #0x0                   	// #0
    20001fe4:	d503201f 	nop
    20001fe8:	38626823 	ldrb	w3, [x1, x2]
    20001fec:	38226803 	strb	w3, [x0, x2]
    20001ff0:	91000442 	add	x2, x2, #0x1
    20001ff4:	35ffffa3 	cbnz	w3, 20001fe8 <strcpy+0x8>
    20001ff8:	d65f03c0 	ret
    20001ffc:	d503201f 	nop

0000000020002000 <strncpy>:
    20002000:	d2800003 	mov	x3, #0x0                   	// #0
    20002004:	b50000c2 	cbnz	x2, 2000201c <strncpy+0x1c>
    20002008:	1400000f 	b	20002044 <strncpy+0x44>
    2000200c:	38236804 	strb	w4, [x0, x3]
    20002010:	91000463 	add	x3, x3, #0x1
    20002014:	eb03005f 	cmp	x2, x3
    20002018:	54000160 	b.eq	20002044 <strncpy+0x44>  // b.none
    2000201c:	38636824 	ldrb	w4, [x1, x3]
    20002020:	35ffff64 	cbnz	w4, 2000200c <strncpy+0xc>
    20002024:	eb03005f 	cmp	x2, x3
    20002028:	540000e9 	b.ls	20002044 <strncpy+0x44>  // b.plast
    2000202c:	8b030003 	add	x3, x0, x3
    20002030:	8b020002 	add	x2, x0, x2
    20002034:	d503201f 	nop
    20002038:	3800147f 	strb	wzr, [x3], #1
    2000203c:	eb03005f 	cmp	x2, x3
    20002040:	54ffffc1 	b.ne	20002038 <strncpy+0x38>  // b.any
    20002044:	d65f03c0 	ret
    20002048:	d503201f 	nop
    2000204c:	d503201f 	nop

0000000020002050 <strcmp>:
    20002050:	39400002 	ldrb	w2, [x0]
    20002054:	39400023 	ldrb	w3, [x1]
    20002058:	350000a2 	cbnz	w2, 2000206c <strcmp+0x1c>
    2000205c:	14000008 	b	2000207c <strcmp+0x2c>
    20002060:	38401c02 	ldrb	w2, [x0, #1]!
    20002064:	34000102 	cbz	w2, 20002084 <strcmp+0x34>
    20002068:	aa0403e1 	mov	x1, x4
    2000206c:	39400023 	ldrb	w3, [x1]
    20002070:	91000424 	add	x4, x1, #0x1
    20002074:	6b02007f 	cmp	w3, w2
    20002078:	54ffff40 	b.eq	20002060 <strcmp+0x10>  // b.none
    2000207c:	4b030040 	sub	w0, w2, w3
    20002080:	d65f03c0 	ret
    20002084:	39400423 	ldrb	w3, [x1, #1]
    20002088:	4b030040 	sub	w0, w2, w3
    2000208c:	d65f03c0 	ret

0000000020002090 <strncmp>:
    20002090:	d2800003 	mov	x3, #0x0                   	// #0
    20002094:	14000007 	b	200020b0 <strncmp+0x20>
    20002098:	38636804 	ldrb	w4, [x0, x3]
    2000209c:	38636825 	ldrb	w5, [x1, x3]
    200020a0:	91000463 	add	x3, x3, #0x1
    200020a4:	6b05009f 	cmp	w4, w5
    200020a8:	540000c1 	b.ne	200020c0 <strncmp+0x30>  // b.any
    200020ac:	34000064 	cbz	w4, 200020b8 <strncmp+0x28>
    200020b0:	eb03005f 	cmp	x2, x3
    200020b4:	54ffff21 	b.ne	20002098 <strncmp+0x8>  // b.any
    200020b8:	52800000 	mov	w0, #0x0                   	// #0
    200020bc:	d65f03c0 	ret
    200020c0:	4b050080 	sub	w0, w4, w5
    200020c4:	d65f03c0 	ret
	...

00000000200020d0 <prvIdleTask>:
    200020d0:	a9be7bfd 	stp	x29, x30, [sp, #-32]!
    200020d4:	910003fd 	mov	x29, sp
    200020d8:	f9000bf3 	str	x19, [sp, #16]
    200020dc:	d0000033 	adrp	x19, 20008000 <cached_request+0x90>
    200020e0:	9114a273 	add	x19, x19, #0x528
    200020e4:	d503201f 	nop
    200020e8:	f9400260 	ldr	x0, [x19]
    200020ec:	f100041f 	cmp	x0, #0x1
    200020f0:	54000049 	b.ls	200020f8 <prvIdleTask+0x28>  // b.plast
    200020f4:	d4000001 	svc	#0x0
    200020f8:	97fffcaa 	bl	200013a0 <vApplicationIdleHook>
    200020fc:	17fffffb 	b	200020e8 <prvIdleTask+0x18>

0000000020002100 <prvAddCurrentTaskToDelayedList.constprop.0>:
    20002100:	a9bd7bfd 	stp	x29, x30, [sp, #-48]!
    20002104:	910003fd 	mov	x29, sp
    20002108:	a90153f3 	stp	x19, x20, [sp, #16]
    2000210c:	d0000033 	adrp	x19, 20008000 <cached_request+0x90>
    20002110:	9114a273 	add	x19, x19, #0x528
    20002114:	f90013f5 	str	x21, [sp, #32]
    20002118:	aa0003f5 	mov	x21, x0
    2000211c:	f9406674 	ldr	x20, [x19, #200]
    20002120:	f9406a60 	ldr	x0, [x19, #208]
    20002124:	91002000 	add	x0, x0, #0x8
    20002128:	94000a73 	bl	20004af4 <uxListRemove>
    2000212c:	b5000100 	cbnz	x0, 2000214c <prvAddCurrentTaskToDelayedList.constprop.0+0x4c>
    20002130:	f9406a62 	ldr	x2, [x19, #208]
    20002134:	d2800020 	mov	x0, #0x1                   	// #1
    20002138:	f9406e61 	ldr	x1, [x19, #216]
    2000213c:	f9402c42 	ldr	x2, [x2, #88]
    20002140:	9ac22000 	lsl	x0, x0, x2
    20002144:	8a200020 	bic	x0, x1, x0
    20002148:	f9006e60 	str	x0, [x19, #216]
    2000214c:	f9406a60 	ldr	x0, [x19, #208]
    20002150:	ab150294 	adds	x20, x20, x21
    20002154:	f9000414 	str	x20, [x0, #8]
    20002158:	54000103 	b.cc	20002178 <prvAddCurrentTaskToDelayedList.constprop.0+0x78>  // b.lo, b.ul, b.last
    2000215c:	f94013f5 	ldr	x21, [sp, #32]
    20002160:	f9407260 	ldr	x0, [x19, #224]
    20002164:	f9406a61 	ldr	x1, [x19, #208]
    20002168:	a94153f3 	ldp	x19, x20, [sp, #16]
    2000216c:	91002021 	add	x1, x1, #0x8
    20002170:	a8c37bfd 	ldp	x29, x30, [sp], #48
    20002174:	14000a4b 	b	20004aa0 <vListInsert>
    20002178:	f9407660 	ldr	x0, [x19, #232]
    2000217c:	f9406a61 	ldr	x1, [x19, #208]
    20002180:	91002021 	add	x1, x1, #0x8
    20002184:	94000a47 	bl	20004aa0 <vListInsert>
    20002188:	f9407a60 	ldr	x0, [x19, #240]
    2000218c:	eb00029f 	cmp	x20, x0
    20002190:	54000042 	b.cs	20002198 <prvAddCurrentTaskToDelayedList.constprop.0+0x98>  // b.hs, b.nlast
    20002194:	f9007a74 	str	x20, [x19, #240]
    20002198:	a94153f3 	ldp	x19, x20, [sp, #16]
    2000219c:	f94013f5 	ldr	x21, [sp, #32]
    200021a0:	a8c37bfd 	ldp	x29, x30, [sp], #48
    200021a4:	d65f03c0 	ret
    200021a8:	d503201f 	nop
    200021ac:	d503201f 	nop

00000000200021b0 <xTaskIncrementTick.part.0>:
    200021b0:	d0000022 	adrp	x2, 20008000 <cached_request+0x90>
    200021b4:	9114a042 	add	x2, x2, #0x528
    200021b8:	f9406449 	ldr	x9, [x2, #200]
    200021bc:	91000529 	add	x9, x9, #0x1
    200021c0:	f9006449 	str	x9, [x2, #200]
    200021c4:	b5000209 	cbnz	x9, 20002204 <xTaskIncrementTick.part.0+0x54>
    200021c8:	f9407440 	ldr	x0, [x2, #232]
    200021cc:	f9400000 	ldr	x0, [x0]
    200021d0:	b5000d60 	cbnz	x0, 2000237c <xTaskIncrementTick.part.0+0x1cc>
    200021d4:	f9407440 	ldr	x0, [x2, #232]
    200021d8:	f9407041 	ldr	x1, [x2, #224]
    200021dc:	f9007441 	str	x1, [x2, #232]
    200021e0:	f9007040 	str	x0, [x2, #224]
    200021e4:	f9407c40 	ldr	x0, [x2, #248]
    200021e8:	91000400 	add	x0, x0, #0x1
    200021ec:	f9007c40 	str	x0, [x2, #248]
    200021f0:	f9407440 	ldr	x0, [x2, #232]
    200021f4:	f9400000 	ldr	x0, [x0]
    200021f8:	b5000ac0 	cbnz	x0, 20002350 <xTaskIncrementTick.part.0+0x1a0>
    200021fc:	92800000 	mov	x0, #0xffffffffffffffff    	// #-1
    20002200:	f9007840 	str	x0, [x2, #240]
    20002204:	f9407841 	ldr	x1, [x2, #240]
    20002208:	d2800000 	mov	x0, #0x0                   	// #0
    2000220c:	eb01013f 	cmp	x9, x1
    20002210:	54000843 	b.cc	20002318 <xTaskIncrementTick.part.0+0x168>  // b.lo, b.ul, b.last
    20002214:	f9407441 	ldr	x1, [x2, #232]
    20002218:	f9400021 	ldr	x1, [x1]
    2000221c:	b40007a1 	cbz	x1, 20002310 <xTaskIncrementTick.part.0+0x160>
    20002220:	d280002a 	mov	x10, #0x1                   	// #1
    20002224:	1400002b 	b	200022d0 <xTaskIncrementTick.part.0+0x120>
    20002228:	f9400085 	ldr	x5, [x4]
    2000222c:	f900143f 	str	xzr, [x1, #40]
    20002230:	f9402823 	ldr	x3, [x1, #80]
    20002234:	d10004a5 	sub	x5, x5, #0x1
    20002238:	f9000085 	str	x5, [x4]
    2000223c:	b40001a3 	cbz	x3, 20002270 <xTaskIncrementTick.part.0+0xc0>
    20002240:	a9439825 	ldp	x5, x6, [x1, #56]
    20002244:	9100c024 	add	x4, x1, #0x30
    20002248:	f9400468 	ldr	x8, [x3, #8]
    2000224c:	f90008a6 	str	x6, [x5, #16]
    20002250:	f9402026 	ldr	x6, [x1, #64]
    20002254:	f90004c5 	str	x5, [x6, #8]
    20002258:	eb04011f 	cmp	x8, x4
    2000225c:	54000760 	b.eq	20002348 <xTaskIncrementTick.part.0+0x198>  // b.none
    20002260:	f9400064 	ldr	x4, [x3]
    20002264:	f900283f 	str	xzr, [x1, #80]
    20002268:	d1000484 	sub	x4, x4, #0x1
    2000226c:	f9000064 	str	x4, [x3]
    20002270:	f9402c23 	ldr	x3, [x1, #88]
    20002274:	f9406c46 	ldr	x6, [x2, #216]
    20002278:	8b030865 	add	x5, x3, x3, lsl #2
    2000227c:	9ac32144 	lsl	x4, x10, x3
    20002280:	aa060084 	orr	x4, x4, x6
    20002284:	f9006c44 	str	x4, [x2, #216]
    20002288:	8b050c48 	add	x8, x2, x5, lsl #3
    2000228c:	f8657846 	ldr	x6, [x2, x5, lsl #3]
    20002290:	f9400504 	ldr	x4, [x8, #8]
    20002294:	910004c6 	add	x6, x6, #0x1
    20002298:	f940088b 	ldr	x11, [x4, #16]
    2000229c:	a9012c24 	stp	x4, x11, [x1, #16]
    200022a0:	f940088b 	ldr	x11, [x4, #16]
    200022a4:	f9000567 	str	x7, [x11, #8]
    200022a8:	f9000887 	str	x7, [x4, #16]
    200022ac:	f9001428 	str	x8, [x1, #40]
    200022b0:	f8257846 	str	x6, [x2, x5, lsl #3]
    200022b4:	f9406844 	ldr	x4, [x2, #208]
    200022b8:	f9407441 	ldr	x1, [x2, #232]
    200022bc:	f9402c84 	ldr	x4, [x4, #88]
    200022c0:	f9400021 	ldr	x1, [x1]
    200022c4:	eb04007f 	cmp	x3, x4
    200022c8:	9a8a9000 	csel	x0, x0, x10, ls  // ls = plast
    200022cc:	b4000221 	cbz	x1, 20002310 <xTaskIncrementTick.part.0+0x160>
    200022d0:	f9407441 	ldr	x1, [x2, #232]
    200022d4:	f9400c21 	ldr	x1, [x1, #24]
    200022d8:	f9400c21 	ldr	x1, [x1, #24]
    200022dc:	f9400423 	ldr	x3, [x1, #8]
    200022e0:	eb03013f 	cmp	x9, x3
    200022e4:	54000483 	b.cc	20002374 <xTaskIncrementTick.part.0+0x1c4>  // b.lo, b.ul, b.last
    200022e8:	a9410c25 	ldp	x5, x3, [x1, #16]
    200022ec:	91002027 	add	x7, x1, #0x8
    200022f0:	f9401424 	ldr	x4, [x1, #40]
    200022f4:	f9400486 	ldr	x6, [x4, #8]
    200022f8:	f90008a3 	str	x3, [x5, #16]
    200022fc:	f9000465 	str	x5, [x3, #8]
    20002300:	eb0700df 	cmp	x6, x7
    20002304:	54fff921 	b.ne	20002228 <xTaskIncrementTick.part.0+0x78>  // b.any
    20002308:	f9000483 	str	x3, [x4, #8]
    2000230c:	17ffffc7 	b	20002228 <xTaskIncrementTick.part.0+0x78>
    20002310:	92800001 	mov	x1, #0xffffffffffffffff    	// #-1
    20002314:	f9007841 	str	x1, [x2, #240]
    20002318:	f9406841 	ldr	x1, [x2, #208]
    2000231c:	d2800023 	mov	x3, #0x1                   	// #1
    20002320:	f9402c21 	ldr	x1, [x1, #88]
    20002324:	8b010821 	add	x1, x1, x1, lsl #2
    20002328:	d37df021 	lsl	x1, x1, #3
    2000232c:	f8616844 	ldr	x4, [x2, x1]
    20002330:	f9408041 	ldr	x1, [x2, #256]
    20002334:	f100089f 	cmp	x4, #0x2
    20002338:	9a833000 	csel	x0, x0, x3, cc  // cc = lo, ul, last
    2000233c:	f100003f 	cmp	x1, #0x0
    20002340:	9a830000 	csel	x0, x0, x3, eq  // eq = none
    20002344:	d65f03c0 	ret
    20002348:	f9000466 	str	x6, [x3, #8]
    2000234c:	17ffffc5 	b	20002260 <xTaskIncrementTick.part.0+0xb0>
    20002350:	f9407440 	ldr	x0, [x2, #232]
    20002354:	f9400c00 	ldr	x0, [x0, #24]
    20002358:	f9400000 	ldr	x0, [x0]
    2000235c:	f9007840 	str	x0, [x2, #240]
    20002360:	d2800000 	mov	x0, #0x0                   	// #0
    20002364:	f9407841 	ldr	x1, [x2, #240]
    20002368:	eb01013f 	cmp	x9, x1
    2000236c:	54fffd63 	b.cc	20002318 <xTaskIncrementTick.part.0+0x168>  // b.lo, b.ul, b.last
    20002370:	17ffffa9 	b	20002214 <xTaskIncrementTick.part.0+0x64>
    20002374:	f9007843 	str	x3, [x2, #240]
    20002378:	17ffffe8 	b	20002318 <xTaskIncrementTick.part.0+0x168>
    2000237c:	a9bf7bfd 	stp	x29, x30, [sp, #-16]!
    20002380:	90000020 	adrp	x0, 20006000 <xPortStartScheduler+0x40>
    20002384:	528156e1 	mov	w1, #0xab7                 	// #2743
    20002388:	910003fd 	mov	x29, sp
    2000238c:	9125a000 	add	x0, x0, #0x968
    20002390:	97fffb80 	bl	20001190 <amp_assert_failed>

0000000020002394 <xTaskCreate>:
    20002394:	a9b97bfd 	stp	x29, x30, [sp, #-112]!
    20002398:	910003fd 	mov	x29, sp
    2000239c:	f9002bfb 	str	x27, [sp, #80]
    200023a0:	d37d3c5b 	ubfiz	x27, x2, #3, #16
    200023a4:	a90153f3 	stp	x19, x20, [sp, #16]
    200023a8:	aa0103f4 	mov	x20, x1
    200023ac:	a9025bf5 	stp	x21, x22, [sp, #32]
    200023b0:	aa0403f6 	mov	x22, x4
    200023b4:	a90363f7 	stp	x23, x24, [sp, #48]
    200023b8:	aa0003f8 	mov	x24, x0
    200023bc:	aa0503f7 	mov	x23, x5
    200023c0:	aa1b03e0 	mov	x0, x27
    200023c4:	a9046bf9 	stp	x25, x26, [sp, #64]
    200023c8:	aa0303f9 	mov	x25, x3
    200023cc:	12003c5a 	and	w26, w2, #0xffff
    200023d0:	f90037e3 	str	x3, [sp, #104]
    200023d4:	94000a00 	bl	20004bd4 <pvPortMalloc>
    200023d8:	b4000d00 	cbz	x0, 20002578 <xTaskCreate+0x1e4>
    200023dc:	aa0003f5 	mov	x21, x0
    200023e0:	d2801000 	mov	x0, #0x80                  	// #128
    200023e4:	940009fc 	bl	20004bd4 <pvPortMalloc>
    200023e8:	aa0003f3 	mov	x19, x0
    200023ec:	b4000d60 	cbz	x0, 20002598 <xTaskCreate+0x204>
    200023f0:	d2801002 	mov	x2, #0x80                  	// #128
    200023f4:	52800001 	mov	w1, #0x0                   	// #0
    200023f8:	97fffeb6 	bl	20001ed0 <memset>
    200023fc:	f9003275 	str	x21, [x19, #96]
    20002400:	aa1b03e2 	mov	x2, x27
    20002404:	528014a1 	mov	w1, #0xa5                  	// #165
    20002408:	aa1503e0 	mov	x0, x21
    2000240c:	97fffeb1 	bl	20001ed0 <memset>
    20002410:	f9403261 	ldr	x1, [x19, #96]
    20002414:	5100075a 	sub	w26, w26, #0x1
    20002418:	9101a260 	add	x0, x19, #0x68
    2000241c:	d2800002 	mov	x2, #0x0                   	// #0
    20002420:	8b1a0c3a 	add	x26, x1, x26, lsl #3
    20002424:	927cef5a 	and	x26, x26, #0xfffffffffffffff0
    20002428:	b4000134 	cbz	x20, 2000244c <xTaskCreate+0xb8>
    2000242c:	d503201f 	nop
    20002430:	38626a83 	ldrb	w3, [x20, x2]
    20002434:	38226803 	strb	w3, [x0, x2]
    20002438:	34000083 	cbz	w3, 20002448 <xTaskCreate+0xb4>
    2000243c:	91000442 	add	x2, x2, #0x1
    20002440:	f100405f 	cmp	x2, #0x10
    20002444:	54ffff61 	b.ne	20002430 <xTaskCreate+0x9c>  // b.any
    20002448:	3901de7f 	strb	wzr, [x19, #119]
    2000244c:	f10012df 	cmp	x22, #0x4
    20002450:	54000ea8 	b.hi	20002624 <xTaskCreate+0x290>  // b.pmore
    20002454:	f9002e76 	str	x22, [x19, #88]
    20002458:	9100227b 	add	x27, x19, #0x8
    2000245c:	aa1b03e0 	mov	x0, x27
    20002460:	94000980 	bl	20004a60 <vListInitialiseItem>
    20002464:	9100c260 	add	x0, x19, #0x30
    20002468:	9400097e 	bl	20004a60 <vListInitialiseItem>
    2000246c:	d28000a4 	mov	x4, #0x5                   	// #5
    20002470:	cb160096 	sub	x22, x4, x22
    20002474:	f9001273 	str	x19, [x19, #32]
    20002478:	aa1903e2 	mov	x2, x25
    2000247c:	f9001a76 	str	x22, [x19, #48]
    20002480:	aa1803e1 	mov	x1, x24
    20002484:	f9002673 	str	x19, [x19, #72]
    20002488:	aa1a03e0 	mov	x0, x26
    2000248c:	94000e75 	bl	20005e60 <pxPortInitialiseStack>
    20002490:	f9000260 	str	x0, [x19]
    20002494:	b4000057 	cbz	x23, 2000249c <xTaskCreate+0x108>
    20002498:	f90002f3 	str	x19, [x23]
    2000249c:	d0000034 	adrp	x20, 20008000 <cached_request+0x90>
    200024a0:	9114a294 	add	x20, x20, #0x528
    200024a4:	94000ee7 	bl	20006040 <vPortEnterCritical>
    200024a8:	f9408680 	ldr	x0, [x20, #264]
    200024ac:	91000400 	add	x0, x0, #0x1
    200024b0:	f9008680 	str	x0, [x20, #264]
    200024b4:	f9406a80 	ldr	x0, [x20, #208]
    200024b8:	b4000840 	cbz	x0, 200025c0 <xTaskCreate+0x22c>
    200024bc:	f940c681 	ldr	x1, [x20, #392]
    200024c0:	f9402e60 	ldr	x0, [x19, #88]
    200024c4:	b50000e1 	cbnz	x1, 200024e0 <xTaskCreate+0x14c>
    200024c8:	f9406a81 	ldr	x1, [x20, #208]
    200024cc:	f9402c21 	ldr	x1, [x1, #88]
    200024d0:	eb00003f 	cmp	x1, x0
    200024d4:	54000068 	b.hi	200024e0 <xTaskCreate+0x14c>  // b.pmore
    200024d8:	f9006a93 	str	x19, [x20, #208]
    200024dc:	d503201f 	nop
    200024e0:	8b000801 	add	x1, x0, x0, lsl #2
    200024e4:	d2800035 	mov	x21, #0x1                   	// #1
    200024e8:	f9406e82 	ldr	x2, [x20, #216]
    200024ec:	d37df021 	lsl	x1, x1, #3
    200024f0:	8b010284 	add	x4, x20, x1
    200024f4:	9ac022a0 	lsl	x0, x21, x0
    200024f8:	aa020000 	orr	x0, x0, x2
    200024fc:	f9006e80 	str	x0, [x20, #216]
    20002500:	f940ca83 	ldr	x3, [x20, #400]
    20002504:	f9400480 	ldr	x0, [x4, #8]
    20002508:	8b150063 	add	x3, x3, x21
    2000250c:	f8616a82 	ldr	x2, [x20, x1]
    20002510:	f900ca83 	str	x3, [x20, #400]
    20002514:	f9400805 	ldr	x5, [x0, #16]
    20002518:	a9011660 	stp	x0, x5, [x19, #16]
    2000251c:	8b150042 	add	x2, x2, x21
    20002520:	f9400803 	ldr	x3, [x0, #16]
    20002524:	f900047b 	str	x27, [x3, #8]
    20002528:	f900081b 	str	x27, [x0, #16]
    2000252c:	f9001664 	str	x4, [x19, #40]
    20002530:	f8216a82 	str	x2, [x20, x1]
    20002534:	94000ee3 	bl	200060c0 <vPortExitCritical>
    20002538:	f940c681 	ldr	x1, [x20, #392]
    2000253c:	aa1503e0 	mov	x0, x21
    20002540:	b40000e1 	cbz	x1, 2000255c <xTaskCreate+0x1c8>
    20002544:	f9406a82 	ldr	x2, [x20, #208]
    20002548:	f9402e61 	ldr	x1, [x19, #88]
    2000254c:	f9402c42 	ldr	x2, [x2, #88]
    20002550:	eb01005f 	cmp	x2, x1
    20002554:	54000042 	b.cs	2000255c <xTaskCreate+0x1c8>  // b.hs, b.nlast
    20002558:	d4000001 	svc	#0x0
    2000255c:	a94153f3 	ldp	x19, x20, [sp, #16]
    20002560:	a9425bf5 	ldp	x21, x22, [sp, #32]
    20002564:	a94363f7 	ldp	x23, x24, [sp, #48]
    20002568:	a9446bf9 	ldp	x25, x26, [sp, #64]
    2000256c:	f9402bfb 	ldr	x27, [sp, #80]
    20002570:	a8c77bfd 	ldp	x29, x30, [sp], #112
    20002574:	d65f03c0 	ret
    20002578:	92800000 	mov	x0, #0xffffffffffffffff    	// #-1
    2000257c:	a94153f3 	ldp	x19, x20, [sp, #16]
    20002580:	a9425bf5 	ldp	x21, x22, [sp, #32]
    20002584:	a94363f7 	ldp	x23, x24, [sp, #48]
    20002588:	a9446bf9 	ldp	x25, x26, [sp, #64]
    2000258c:	f9402bfb 	ldr	x27, [sp, #80]
    20002590:	a8c77bfd 	ldp	x29, x30, [sp], #112
    20002594:	d65f03c0 	ret
    20002598:	aa1503e0 	mov	x0, x21
    2000259c:	940009f1 	bl	20004d60 <vPortFree>
    200025a0:	92800000 	mov	x0, #0xffffffffffffffff    	// #-1
    200025a4:	a94153f3 	ldp	x19, x20, [sp, #16]
    200025a8:	a9425bf5 	ldp	x21, x22, [sp, #32]
    200025ac:	a94363f7 	ldp	x23, x24, [sp, #48]
    200025b0:	a9446bf9 	ldp	x25, x26, [sp, #64]
    200025b4:	f9402bfb 	ldr	x27, [sp, #80]
    200025b8:	a8c77bfd 	ldp	x29, x30, [sp], #112
    200025bc:	d65f03c0 	ret
    200025c0:	f9006a93 	str	x19, [x20, #208]
    200025c4:	f9408680 	ldr	x0, [x20, #264]
    200025c8:	f100041f 	cmp	x0, #0x1
    200025cc:	54000060 	b.eq	200025d8 <xTaskCreate+0x244>  // b.none
    200025d0:	f9402e60 	ldr	x0, [x19, #88]
    200025d4:	17ffffc3 	b	200024e0 <xTaskCreate+0x14c>
    200025d8:	aa1403f5 	mov	x21, x20
    200025dc:	91032296 	add	x22, x20, #0xc8
    200025e0:	aa1503e0 	mov	x0, x21
    200025e4:	9100a2b5 	add	x21, x21, #0x28
    200025e8:	94000916 	bl	20004a40 <vListInitialise>
    200025ec:	eb1502df 	cmp	x22, x21
    200025f0:	54ffff81 	b.ne	200025e0 <xTaskCreate+0x24c>  // b.any
    200025f4:	91044296 	add	x22, x20, #0x110
    200025f8:	9104e295 	add	x21, x20, #0x138
    200025fc:	aa1603e0 	mov	x0, x22
    20002600:	94000910 	bl	20004a40 <vListInitialise>
    20002604:	aa1503e0 	mov	x0, x21
    20002608:	9400090e 	bl	20004a40 <vListInitialise>
    2000260c:	91058280 	add	x0, x20, #0x160
    20002610:	9400090c 	bl	20004a40 <vListInitialise>
    20002614:	f9007696 	str	x22, [x20, #232]
    20002618:	f9007295 	str	x21, [x20, #224]
    2000261c:	f9402e60 	ldr	x0, [x19, #88]
    20002620:	17ffffb0 	b	200024e0 <xTaskCreate+0x14c>
    20002624:	90000020 	adrp	x0, 20006000 <xPortStartScheduler+0x40>
    20002628:	52807241 	mov	w1, #0x392                 	// #914
    2000262c:	9125a000 	add	x0, x0, #0x968
    20002630:	97fffad8 	bl	20001190 <amp_assert_failed>

0000000020002634 <vTaskStartScheduler>:
    20002634:	a9be7bfd 	stp	x29, x30, [sp, #-32]!
    20002638:	90000021 	adrp	x1, 20006000 <xPortStartScheduler+0x40>
    2000263c:	90000000 	adrp	x0, 20002000 <strncpy>
    20002640:	910003fd 	mov	x29, sp
    20002644:	f9000bf3 	str	x19, [sp, #16]
    20002648:	d0000033 	adrp	x19, 20008000 <cached_request+0x90>
    2000264c:	9114a273 	add	x19, x19, #0x528
    20002650:	91264021 	add	x1, x1, #0x990
    20002654:	91034000 	add	x0, x0, #0xd0
    20002658:	91066265 	add	x5, x19, #0x198
    2000265c:	d2800004 	mov	x4, #0x0                   	// #0
    20002660:	d2800003 	mov	x3, #0x0                   	// #0
    20002664:	52804002 	mov	w2, #0x200                 	// #512
    20002668:	97ffff4b 	bl	20002394 <xTaskCreate>
    2000266c:	f100041f 	cmp	x0, #0x1
    20002670:	54000100 	b.eq	20002690 <vTaskStartScheduler+0x5c>  // b.none
    20002674:	b100041f 	cmn	x0, #0x1
    20002678:	54000260 	b.eq	200026c4 <vTaskStartScheduler+0x90>  // b.none
    2000267c:	b0000020 	adrp	x0, 20007000 <ullMaxAPIPriorityMask+0x580>
    20002680:	f9400bf3 	ldr	x19, [sp, #16]
    20002684:	f947a000 	ldr	x0, [x0, #3904]
    20002688:	a8c27bfd 	ldp	x29, x30, [sp], #32
    2000268c:	d65f03c0 	ret
    20002690:	d50342df 	msr	daifset, #0x2
    20002694:	d5033f9f 	dsb	sy
    20002698:	d5033fdf 	isb
    2000269c:	92800001 	mov	x1, #0xffffffffffffffff    	// #-1
    200026a0:	f9007a61 	str	x1, [x19, #240]
    200026a4:	f900c660 	str	x0, [x19, #392]
    200026a8:	f900667f 	str	xzr, [x19, #200]
    200026ac:	94000e45 	bl	20005fc0 <xPortStartScheduler>
    200026b0:	b0000020 	adrp	x0, 20007000 <ullMaxAPIPriorityMask+0x580>
    200026b4:	f9400bf3 	ldr	x19, [sp, #16]
    200026b8:	f947a000 	ldr	x0, [x0, #3904]
    200026bc:	a8c27bfd 	ldp	x29, x30, [sp], #32
    200026c0:	d65f03c0 	ret
    200026c4:	90000020 	adrp	x0, 20006000 <xPortStartScheduler+0x40>
    200026c8:	52810241 	mov	w1, #0x812                 	// #2066
    200026cc:	9125a000 	add	x0, x0, #0x968
    200026d0:	97fffab0 	bl	20001190 <amp_assert_failed>

00000000200026d4 <vTaskEndScheduler>:
    200026d4:	d50342df 	msr	daifset, #0x2
    200026d8:	d5033f9f 	dsb	sy
    200026dc:	d5033fdf 	isb
    200026e0:	d0000020 	adrp	x0, 20008000 <cached_request+0x90>
    200026e4:	9114a000 	add	x0, x0, #0x528
    200026e8:	f900c41f 	str	xzr, [x0, #392]
    200026ec:	14000e49 	b	20006010 <vPortEndScheduler>

00000000200026f0 <vTaskSuspendAll>:
    200026f0:	d0000020 	adrp	x0, 20008000 <cached_request+0x90>
    200026f4:	9114a000 	add	x0, x0, #0x528
    200026f8:	f940d001 	ldr	x1, [x0, #416]
    200026fc:	91000421 	add	x1, x1, #0x1
    20002700:	f900d001 	str	x1, [x0, #416]
    20002704:	d65f03c0 	ret
    20002708:	d503201f 	nop
    2000270c:	d503201f 	nop

0000000020002710 <xTaskResumeAll>:
    20002710:	a9bd7bfd 	stp	x29, x30, [sp, #-48]!
    20002714:	910003fd 	mov	x29, sp
    20002718:	a90153f3 	stp	x19, x20, [sp, #16]
    2000271c:	d0000033 	adrp	x19, 20008000 <cached_request+0x90>
    20002720:	9114a273 	add	x19, x19, #0x528
    20002724:	f940d260 	ldr	x0, [x19, #416]
    20002728:	b4000dc0 	cbz	x0, 200028e0 <xTaskResumeAll+0x1d0>
    2000272c:	94000e45 	bl	20006040 <vPortEnterCritical>
    20002730:	f940d260 	ldr	x0, [x19, #416]
    20002734:	d1000400 	sub	x0, x0, #0x1
    20002738:	f900d260 	str	x0, [x19, #416]
    2000273c:	f940d260 	ldr	x0, [x19, #416]
    20002740:	b50007e0 	cbnz	x0, 2000283c <xTaskResumeAll+0x12c>
    20002744:	f9408660 	ldr	x0, [x19, #264]
    20002748:	b40007a0 	cbz	x0, 2000283c <xTaskResumeAll+0x12c>
    2000274c:	f940b260 	ldr	x0, [x19, #352]
    20002750:	b4000940 	cbz	x0, 20002878 <xTaskResumeAll+0x168>
    20002754:	d2800028 	mov	x8, #0x1                   	// #1
    20002758:	14000029 	b	200027fc <xTaskResumeAll+0xec>
    2000275c:	f9400022 	ldr	x2, [x1]
    20002760:	f900281f 	str	xzr, [x0, #80]
    20002764:	d1000442 	sub	x2, x2, #0x1
    20002768:	f9000022 	str	x2, [x1]
    2000276c:	a9410403 	ldp	x3, x1, [x0, #16]
    20002770:	91002005 	add	x5, x0, #0x8
    20002774:	f9401402 	ldr	x2, [x0, #40]
    20002778:	f9400444 	ldr	x4, [x2, #8]
    2000277c:	f9000861 	str	x1, [x3, #16]
    20002780:	f9000423 	str	x3, [x1, #8]
    20002784:	eb05009f 	cmp	x4, x5
    20002788:	54000660 	b.eq	20002854 <xTaskResumeAll+0x144>  // b.none
    2000278c:	f9402c01 	ldr	x1, [x0, #88]
    20002790:	f9400046 	ldr	x6, [x2]
    20002794:	8b010823 	add	x3, x1, x1, lsl #2
    20002798:	9ac12104 	lsl	x4, x8, x1
    2000279c:	d10004c6 	sub	x6, x6, #0x1
    200027a0:	f9000046 	str	x6, [x2]
    200027a4:	8b030e66 	add	x6, x19, x3, lsl #3
    200027a8:	f9406e67 	ldr	x7, [x19, #216]
    200027ac:	f94004c2 	ldr	x2, [x6, #8]
    200027b0:	aa070084 	orr	x4, x4, x7
    200027b4:	f9006e64 	str	x4, [x19, #216]
    200027b8:	f9000802 	str	x2, [x0, #16]
    200027bc:	f9400844 	ldr	x4, [x2, #16]
    200027c0:	f9000c04 	str	x4, [x0, #24]
    200027c4:	f8637a64 	ldr	x4, [x19, x3, lsl #3]
    200027c8:	f9400847 	ldr	x7, [x2, #16]
    200027cc:	91000484 	add	x4, x4, #0x1
    200027d0:	f90004e5 	str	x5, [x7, #8]
    200027d4:	f9000845 	str	x5, [x2, #16]
    200027d8:	f9001406 	str	x6, [x0, #40]
    200027dc:	f8237a64 	str	x4, [x19, x3, lsl #3]
    200027e0:	f9406a60 	ldr	x0, [x19, #208]
    200027e4:	f9402c00 	ldr	x0, [x0, #88]
    200027e8:	eb00003f 	cmp	x1, x0
    200027ec:	54000043 	b.cc	200027f4 <xTaskResumeAll+0xe4>  // b.lo, b.ul, b.last
    200027f0:	f9008268 	str	x8, [x19, #256]
    200027f4:	f940b260 	ldr	x0, [x19, #352]
    200027f8:	b4000320 	cbz	x0, 2000285c <xTaskResumeAll+0x14c>
    200027fc:	f940be60 	ldr	x0, [x19, #376]
    20002800:	f9400c00 	ldr	x0, [x0, #24]
    20002804:	9100c004 	add	x4, x0, #0x30
    20002808:	a9438803 	ldp	x3, x2, [x0, #56]
    2000280c:	f9402801 	ldr	x1, [x0, #80]
    20002810:	f9400425 	ldr	x5, [x1, #8]
    20002814:	f9000862 	str	x2, [x3, #16]
    20002818:	f9000443 	str	x3, [x2, #8]
    2000281c:	eb0400bf 	cmp	x5, x4
    20002820:	54fff9e1 	b.ne	2000275c <xTaskResumeAll+0x4c>  // b.any
    20002824:	f9000422 	str	x2, [x1, #8]
    20002828:	17ffffcd 	b	2000275c <xTaskResumeAll+0x4c>
    2000282c:	f94013f5 	ldr	x21, [sp, #32]
    20002830:	f900d67f 	str	xzr, [x19, #424]
    20002834:	f9408260 	ldr	x0, [x19, #256]
    20002838:	b5000400 	cbnz	x0, 200028b8 <xTaskResumeAll+0x1a8>
    2000283c:	94000e21 	bl	200060c0 <vPortExitCritical>
    20002840:	d2800013 	mov	x19, #0x0                   	// #0
    20002844:	aa1303e0 	mov	x0, x19
    20002848:	a94153f3 	ldp	x19, x20, [sp, #16]
    2000284c:	a8c37bfd 	ldp	x29, x30, [sp], #48
    20002850:	d65f03c0 	ret
    20002854:	f9000441 	str	x1, [x2, #8]
    20002858:	17ffffcd 	b	2000278c <xTaskResumeAll+0x7c>
    2000285c:	f9407660 	ldr	x0, [x19, #232]
    20002860:	f9400000 	ldr	x0, [x0]
    20002864:	b4000380 	cbz	x0, 200028d4 <xTaskResumeAll+0x1c4>
    20002868:	f9407660 	ldr	x0, [x19, #232]
    2000286c:	f9400c00 	ldr	x0, [x0, #24]
    20002870:	f9400000 	ldr	x0, [x0]
    20002874:	f9007a60 	str	x0, [x19, #240]
    20002878:	f940d674 	ldr	x20, [x19, #424]
    2000287c:	b4fffdd4 	cbz	x20, 20002834 <xTaskResumeAll+0x124>
    20002880:	f90013f5 	str	x21, [sp, #32]
    20002884:	d2800035 	mov	x21, #0x1                   	// #1
    20002888:	14000006 	b	200028a0 <xTaskResumeAll+0x190>
    2000288c:	97fffe49 	bl	200021b0 <xTaskIncrementTick.part.0>
    20002890:	b4000040 	cbz	x0, 20002898 <xTaskResumeAll+0x188>
    20002894:	f9008275 	str	x21, [x19, #256]
    20002898:	f1000694 	subs	x20, x20, #0x1
    2000289c:	54fffc80 	b.eq	2000282c <xTaskResumeAll+0x11c>  // b.none
    200028a0:	f940d260 	ldr	x0, [x19, #416]
    200028a4:	b4ffff40 	cbz	x0, 2000288c <xTaskResumeAll+0x17c>
    200028a8:	f940d660 	ldr	x0, [x19, #424]
    200028ac:	91000400 	add	x0, x0, #0x1
    200028b0:	f900d660 	str	x0, [x19, #424]
    200028b4:	17fffff9 	b	20002898 <xTaskResumeAll+0x188>
    200028b8:	d4000001 	svc	#0x0
    200028bc:	d2800033 	mov	x19, #0x1                   	// #1
    200028c0:	94000e00 	bl	200060c0 <vPortExitCritical>
    200028c4:	aa1303e0 	mov	x0, x19
    200028c8:	a94153f3 	ldp	x19, x20, [sp, #16]
    200028cc:	a8c37bfd 	ldp	x29, x30, [sp], #48
    200028d0:	d65f03c0 	ret
    200028d4:	92800000 	mov	x0, #0xffffffffffffffff    	// #-1
    200028d8:	f9007a60 	str	x0, [x19, #240]
    200028dc:	17ffffe7 	b	20002878 <xTaskResumeAll+0x168>
    200028e0:	90000020 	adrp	x0, 20006000 <xPortStartScheduler+0x40>
    200028e4:	528110a1 	mov	w1, #0x885                 	// #2181
    200028e8:	9125a000 	add	x0, x0, #0x968
    200028ec:	f90013f5 	str	x21, [sp, #32]
    200028f0:	97fffa28 	bl	20001190 <amp_assert_failed>

00000000200028f4 <xTaskDelayUntil>:
    200028f4:	a9be7bfd 	stp	x29, x30, [sp, #-32]!
    200028f8:	910003fd 	mov	x29, sp
    200028fc:	f9000bf3 	str	x19, [sp, #16]
    20002900:	b4000560 	cbz	x0, 200029ac <xTaskDelayUntil+0xb8>
    20002904:	b40004c1 	cbz	x1, 2000299c <xTaskDelayUntil+0xa8>
    20002908:	d0000022 	adrp	x2, 20008000 <cached_request+0x90>
    2000290c:	9114a042 	add	x2, x2, #0x528
    20002910:	f940d043 	ldr	x3, [x2, #416]
    20002914:	b50003c3 	cbnz	x3, 2000298c <xTaskDelayUntil+0x98>
    20002918:	f940d043 	ldr	x3, [x2, #416]
    2000291c:	91000463 	add	x3, x3, #0x1
    20002920:	f900d043 	str	x3, [x2, #416]
    20002924:	f9400003 	ldr	x3, [x0]
    20002928:	f9406442 	ldr	x2, [x2, #200]
    2000292c:	ab010061 	adds	x1, x3, x1
    20002930:	9a9f37e4 	cset	x4, cs  // cs = hs, nlast
    20002934:	eb02007f 	cmp	x3, x2
    20002938:	540001e8 	b.hi	20002974 <xTaskDelayUntil+0x80>  // b.pmore
    2000293c:	f100009f 	cmp	x4, #0x0
    20002940:	fa410040 	ccmp	x2, x1, #0x0, eq  // eq = none
    20002944:	540001e2 	b.cs	20002980 <xTaskDelayUntil+0x8c>  // b.hs, b.nlast
    20002948:	f9000001 	str	x1, [x0]
    2000294c:	d2800033 	mov	x19, #0x1                   	// #1
    20002950:	cb020020 	sub	x0, x1, x2
    20002954:	97fffdeb 	bl	20002100 <prvAddCurrentTaskToDelayedList.constprop.0>
    20002958:	97ffff6e 	bl	20002710 <xTaskResumeAll>
    2000295c:	b5000040 	cbnz	x0, 20002964 <xTaskDelayUntil+0x70>
    20002960:	d4000001 	svc	#0x0
    20002964:	aa1303e0 	mov	x0, x19
    20002968:	f9400bf3 	ldr	x19, [sp, #16]
    2000296c:	a8c27bfd 	ldp	x29, x30, [sp], #32
    20002970:	d65f03c0 	ret
    20002974:	b4000064 	cbz	x4, 20002980 <xTaskDelayUntil+0x8c>
    20002978:	eb01005f 	cmp	x2, x1
    2000297c:	54fffe63 	b.cc	20002948 <xTaskDelayUntil+0x54>  // b.lo, b.ul, b.last
    20002980:	d2800013 	mov	x19, #0x0                   	// #0
    20002984:	f9000001 	str	x1, [x0]
    20002988:	17fffff4 	b	20002958 <xTaskDelayUntil+0x64>
    2000298c:	90000020 	adrp	x0, 20006000 <xPortStartScheduler+0x40>
    20002990:	528098c1 	mov	w1, #0x4c6                 	// #1222
    20002994:	9125a000 	add	x0, x0, #0x968
    20002998:	97fff9fe 	bl	20001190 <amp_assert_failed>
    2000299c:	90000020 	adrp	x0, 20006000 <xPortStartScheduler+0x40>
    200029a0:	528098a1 	mov	w1, #0x4c5                 	// #1221
    200029a4:	9125a000 	add	x0, x0, #0x968
    200029a8:	97fff9fa 	bl	20001190 <amp_assert_failed>
    200029ac:	90000020 	adrp	x0, 20006000 <xPortStartScheduler+0x40>
    200029b0:	52809881 	mov	w1, #0x4c4                 	// #1220
    200029b4:	9125a000 	add	x0, x0, #0x968
    200029b8:	97fff9f6 	bl	20001190 <amp_assert_failed>
    200029bc:	d503201f 	nop

00000000200029c0 <vTaskDelay>:
    200029c0:	b5000060 	cbnz	x0, 200029cc <vTaskDelay+0xc>
    200029c4:	d4000001 	svc	#0x0
    200029c8:	d65f03c0 	ret
    200029cc:	d0000021 	adrp	x1, 20008000 <cached_request+0x90>
    200029d0:	9114a021 	add	x1, x1, #0x528
    200029d4:	a9bf7bfd 	stp	x29, x30, [sp, #-16]!
    200029d8:	910003fd 	mov	x29, sp
    200029dc:	f940d022 	ldr	x2, [x1, #416]
    200029e0:	b5000142 	cbnz	x2, 20002a08 <vTaskDelay+0x48>
    200029e4:	f940d022 	ldr	x2, [x1, #416]
    200029e8:	91000442 	add	x2, x2, #0x1
    200029ec:	f900d022 	str	x2, [x1, #416]
    200029f0:	97fffdc4 	bl	20002100 <prvAddCurrentTaskToDelayedList.constprop.0>
    200029f4:	97ffff47 	bl	20002710 <xTaskResumeAll>
    200029f8:	b5000040 	cbnz	x0, 20002a00 <vTaskDelay+0x40>
    200029fc:	d4000001 	svc	#0x0
    20002a00:	a8c17bfd 	ldp	x29, x30, [sp], #16
    20002a04:	d65f03c0 	ret
    20002a08:	90000020 	adrp	x0, 20006000 <xPortStartScheduler+0x40>
    20002a0c:	5280a381 	mov	w1, #0x51c                 	// #1308
    20002a10:	9125a000 	add	x0, x0, #0x968
    20002a14:	97fff9df 	bl	20001190 <amp_assert_failed>
    20002a18:	d503201f 	nop
    20002a1c:	d503201f 	nop

0000000020002a20 <xTaskGetTickCount>:
    20002a20:	d0000020 	adrp	x0, 20008000 <cached_request+0x90>
    20002a24:	9114a000 	add	x0, x0, #0x528
    20002a28:	f9406400 	ldr	x0, [x0, #200]
    20002a2c:	d65f03c0 	ret

0000000020002a30 <xTaskGetTickCountFromISR>:
    20002a30:	a9bf7bfd 	stp	x29, x30, [sp, #-16]!
    20002a34:	910003fd 	mov	x29, sp
    20002a38:	94000dfe 	bl	20006230 <vPortValidateInterruptPriority>
    20002a3c:	d0000020 	adrp	x0, 20008000 <cached_request+0x90>
    20002a40:	9114a000 	add	x0, x0, #0x528
    20002a44:	a8c17bfd 	ldp	x29, x30, [sp], #16
    20002a48:	f9406400 	ldr	x0, [x0, #200]
    20002a4c:	d65f03c0 	ret

0000000020002a50 <uxTaskGetNumberOfTasks>:
    20002a50:	d0000020 	adrp	x0, 20008000 <cached_request+0x90>
    20002a54:	9114a000 	add	x0, x0, #0x528
    20002a58:	f9408400 	ldr	x0, [x0, #264]
    20002a5c:	d65f03c0 	ret

0000000020002a60 <pcTaskGetName>:
    20002a60:	b4000060 	cbz	x0, 20002a6c <pcTaskGetName+0xc>
    20002a64:	9101a000 	add	x0, x0, #0x68
    20002a68:	d65f03c0 	ret
    20002a6c:	d0000020 	adrp	x0, 20008000 <cached_request+0x90>
    20002a70:	9114a000 	add	x0, x0, #0x528
    20002a74:	f9406800 	ldr	x0, [x0, #208]
    20002a78:	b5ffff60 	cbnz	x0, 20002a64 <pcTaskGetName+0x4>
    20002a7c:	a9bf7bfd 	stp	x29, x30, [sp, #-16]!
    20002a80:	90000020 	adrp	x0, 20006000 <xPortStartScheduler+0x40>
    20002a84:	52812561 	mov	w1, #0x92b                 	// #2347
    20002a88:	910003fd 	mov	x29, sp
    20002a8c:	9125a000 	add	x0, x0, #0x968
    20002a90:	97fff9c0 	bl	20001190 <amp_assert_failed>

0000000020002a94 <xTaskCatchUpTicks>:
    20002a94:	a9be7bfd 	stp	x29, x30, [sp, #-32]!
    20002a98:	910003fd 	mov	x29, sp
    20002a9c:	a90153f3 	stp	x19, x20, [sp, #16]
    20002aa0:	d0000033 	adrp	x19, 20008000 <cached_request+0x90>
    20002aa4:	9114a273 	add	x19, x19, #0x528
    20002aa8:	aa0003f4 	mov	x20, x0
    20002aac:	f940d260 	ldr	x0, [x19, #416]
    20002ab0:	b5000180 	cbnz	x0, 20002ae0 <xTaskCatchUpTicks+0x4c>
    20002ab4:	f940d260 	ldr	x0, [x19, #416]
    20002ab8:	91000400 	add	x0, x0, #0x1
    20002abc:	f900d260 	str	x0, [x19, #416]
    20002ac0:	94000d60 	bl	20006040 <vPortEnterCritical>
    20002ac4:	f940d660 	ldr	x0, [x19, #424]
    20002ac8:	8b140000 	add	x0, x0, x20
    20002acc:	f900d660 	str	x0, [x19, #424]
    20002ad0:	94000d7c 	bl	200060c0 <vPortExitCritical>
    20002ad4:	a94153f3 	ldp	x19, x20, [sp, #16]
    20002ad8:	a8c27bfd 	ldp	x29, x30, [sp], #32
    20002adc:	17ffff0d 	b	20002710 <xTaskResumeAll>
    20002ae0:	90000020 	adrp	x0, 20006000 <xPortStartScheduler+0x40>
    20002ae4:	528147c1 	mov	w1, #0xa3e                 	// #2622
    20002ae8:	9125a000 	add	x0, x0, #0x968
    20002aec:	97fff9a9 	bl	20001190 <amp_assert_failed>

0000000020002af0 <xTaskIncrementTick>:
    20002af0:	d0000021 	adrp	x1, 20008000 <cached_request+0x90>
    20002af4:	9114a021 	add	x1, x1, #0x528
    20002af8:	f940d020 	ldr	x0, [x1, #416]
    20002afc:	b5000040 	cbnz	x0, 20002b04 <xTaskIncrementTick+0x14>
    20002b00:	17fffdac 	b	200021b0 <xTaskIncrementTick.part.0>
    20002b04:	f940d422 	ldr	x2, [x1, #424]
    20002b08:	d2800000 	mov	x0, #0x0                   	// #0
    20002b0c:	91000442 	add	x2, x2, #0x1
    20002b10:	f900d422 	str	x2, [x1, #424]
    20002b14:	d65f03c0 	ret
    20002b18:	d503201f 	nop
    20002b1c:	d503201f 	nop

0000000020002b20 <vTaskSwitchContext>:
    20002b20:	a9be7bfd 	stp	x29, x30, [sp, #-32]!
    20002b24:	910003fd 	mov	x29, sp
    20002b28:	f9000bf3 	str	x19, [sp, #16]
    20002b2c:	d0000033 	adrp	x19, 20008000 <cached_request+0x90>
    20002b30:	9114a273 	add	x19, x19, #0x528
    20002b34:	f940d260 	ldr	x0, [x19, #416]
    20002b38:	b40000c0 	cbz	x0, 20002b50 <vTaskSwitchContext+0x30>
    20002b3c:	d2800020 	mov	x0, #0x1                   	// #1
    20002b40:	f9008260 	str	x0, [x19, #256]
    20002b44:	f9400bf3 	ldr	x19, [sp, #16]
    20002b48:	a8c27bfd 	ldp	x29, x30, [sp], #32
    20002b4c:	d65f03c0 	ret
    20002b50:	f900827f 	str	xzr, [x19, #256]
    20002b54:	5294b4a2 	mov	w2, #0xa5a5                	// #42405
    20002b58:	72b4b4a2 	movk	w2, #0xa5a5, lsl #16
    20002b5c:	f9406a60 	ldr	x0, [x19, #208]
    20002b60:	f9403000 	ldr	x0, [x0, #96]
    20002b64:	b9400001 	ldr	w1, [x0]
    20002b68:	6b02003f 	cmp	w1, w2
    20002b6c:	54000081 	b.ne	20002b7c <vTaskSwitchContext+0x5c>  // b.any
    20002b70:	b9400402 	ldr	w2, [x0, #4]
    20002b74:	6b01005f 	cmp	w2, w1
    20002b78:	54000380 	b.eq	20002be8 <vTaskSwitchContext+0xc8>  // b.none
    20002b7c:	f9406a60 	ldr	x0, [x19, #208]
    20002b80:	f9406a61 	ldr	x1, [x19, #208]
    20002b84:	9101a021 	add	x1, x1, #0x68
    20002b88:	97fff992 	bl	200011d0 <vApplicationStackOverflowHook>
    20002b8c:	f9406e61 	ldr	x1, [x19, #216]
    20002b90:	528003e0 	mov	w0, #0x1f                  	// #31
    20002b94:	5ac01021 	clz	w1, w1
    20002b98:	4b010000 	sub	w0, w0, w1
    20002b9c:	937e7c01 	sbfiz	x1, x0, #2, #32
    20002ba0:	8b20c021 	add	x1, x1, w0, sxtw
    20002ba4:	d37df021 	lsl	x1, x1, #3
    20002ba8:	8b010262 	add	x2, x19, x1
    20002bac:	f8616a61 	ldr	x1, [x19, x1]
    20002bb0:	b4000301 	cbz	x1, 20002c10 <vTaskSwitchContext+0xf0>
    20002bb4:	f9400441 	ldr	x1, [x2, #8]
    20002bb8:	52800503 	mov	w3, #0x28                  	// #40
    20002bbc:	9b234c00 	smaddl	x0, w0, w3, x19
    20002bc0:	f9400421 	ldr	x1, [x1, #8]
    20002bc4:	91004000 	add	x0, x0, #0x10
    20002bc8:	f9000441 	str	x1, [x2, #8]
    20002bcc:	eb00003f 	cmp	x1, x0
    20002bd0:	540001a0 	b.eq	20002c04 <vTaskSwitchContext+0xe4>  // b.none
    20002bd4:	f9400c20 	ldr	x0, [x1, #24]
    20002bd8:	f9006a60 	str	x0, [x19, #208]
    20002bdc:	f9400bf3 	ldr	x19, [sp, #16]
    20002be0:	a8c27bfd 	ldp	x29, x30, [sp], #32
    20002be4:	d65f03c0 	ret
    20002be8:	b9400801 	ldr	w1, [x0, #8]
    20002bec:	6b02003f 	cmp	w1, w2
    20002bf0:	54fffc61 	b.ne	20002b7c <vTaskSwitchContext+0x5c>  // b.any
    20002bf4:	b9400c00 	ldr	w0, [x0, #12]
    20002bf8:	6b01001f 	cmp	w0, w1
    20002bfc:	54fffc01 	b.ne	20002b7c <vTaskSwitchContext+0x5c>  // b.any
    20002c00:	17ffffe3 	b	20002b8c <vTaskSwitchContext+0x6c>
    20002c04:	f9400421 	ldr	x1, [x1, #8]
    20002c08:	f9000441 	str	x1, [x2, #8]
    20002c0c:	17fffff2 	b	20002bd4 <vTaskSwitchContext+0xb4>
    20002c10:	90000020 	adrp	x0, 20006000 <xPortStartScheduler+0x40>
    20002c14:	52817ec1 	mov	w1, #0xbf6                 	// #3062
    20002c18:	9125a000 	add	x0, x0, #0x968
    20002c1c:	97fff95d 	bl	20001190 <amp_assert_failed>

0000000020002c20 <vTaskPlaceOnEventList>:
    20002c20:	a9be7bfd 	stp	x29, x30, [sp, #-32]!
    20002c24:	910003fd 	mov	x29, sp
    20002c28:	f9000bf3 	str	x19, [sp, #16]
    20002c2c:	b4000160 	cbz	x0, 20002c58 <vTaskPlaceOnEventList+0x38>
    20002c30:	aa0103f3 	mov	x19, x1
    20002c34:	d0000021 	adrp	x1, 20008000 <cached_request+0x90>
    20002c38:	9114a021 	add	x1, x1, #0x528
    20002c3c:	f9406821 	ldr	x1, [x1, #208]
    20002c40:	9100c021 	add	x1, x1, #0x30
    20002c44:	94000797 	bl	20004aa0 <vListInsert>
    20002c48:	aa1303e0 	mov	x0, x19
    20002c4c:	f9400bf3 	ldr	x19, [sp, #16]
    20002c50:	a8c27bfd 	ldp	x29, x30, [sp], #32
    20002c54:	17fffd2b 	b	20002100 <prvAddCurrentTaskToDelayedList.constprop.0>
    20002c58:	90000020 	adrp	x0, 20006000 <xPortStartScheduler+0x40>
    20002c5c:	528181c1 	mov	w1, #0xc0e                 	// #3086
    20002c60:	9125a000 	add	x0, x0, #0x968
    20002c64:	97fff94b 	bl	20001190 <amp_assert_failed>
    20002c68:	d503201f 	nop
    20002c6c:	d503201f 	nop

0000000020002c70 <vTaskPlaceOnUnorderedEventList>:
    20002c70:	a9bf7bfd 	stp	x29, x30, [sp, #-16]!
    20002c74:	aa0003e4 	mov	x4, x0
    20002c78:	910003fd 	mov	x29, sp
    20002c7c:	b40003a0 	cbz	x0, 20002cf0 <vTaskPlaceOnUnorderedEventList+0x80>
    20002c80:	d0000023 	adrp	x3, 20008000 <cached_request+0x90>
    20002c84:	9114a063 	add	x3, x3, #0x528
    20002c88:	aa0203e0 	mov	x0, x2
    20002c8c:	f940d062 	ldr	x2, [x3, #416]
    20002c90:	b4000382 	cbz	x2, 20002d00 <vTaskPlaceOnUnorderedEventList+0x90>
    20002c94:	f9406866 	ldr	x6, [x3, #208]
    20002c98:	b2610021 	orr	x1, x1, #0x80000000
    20002c9c:	f9400485 	ldr	x5, [x4, #8]
    20002ca0:	f9406862 	ldr	x2, [x3, #208]
    20002ca4:	f90018c1 	str	x1, [x6, #48]
    20002ca8:	f9406861 	ldr	x1, [x3, #208]
    20002cac:	f9001c45 	str	x5, [x2, #56]
    20002cb0:	f94008a2 	ldr	x2, [x5, #16]
    20002cb4:	f9002022 	str	x2, [x1, #64]
    20002cb8:	f9406861 	ldr	x1, [x3, #208]
    20002cbc:	f94008a6 	ldr	x6, [x5, #16]
    20002cc0:	9100c021 	add	x1, x1, #0x30
    20002cc4:	f9406862 	ldr	x2, [x3, #208]
    20002cc8:	f9406863 	ldr	x3, [x3, #208]
    20002ccc:	f90004c1 	str	x1, [x6, #8]
    20002cd0:	f9400081 	ldr	x1, [x4]
    20002cd4:	9100c042 	add	x2, x2, #0x30
    20002cd8:	f90008a2 	str	x2, [x5, #16]
    20002cdc:	f9002864 	str	x4, [x3, #80]
    20002ce0:	91000421 	add	x1, x1, #0x1
    20002ce4:	f9000081 	str	x1, [x4]
    20002ce8:	a8c17bfd 	ldp	x29, x30, [sp], #16
    20002cec:	17fffd05 	b	20002100 <prvAddCurrentTaskToDelayedList.constprop.0>
    20002cf0:	90000020 	adrp	x0, 20006000 <xPortStartScheduler+0x40>
    20002cf4:	52818501 	mov	w1, #0xc28                 	// #3112
    20002cf8:	9125a000 	add	x0, x0, #0x968
    20002cfc:	97fff925 	bl	20001190 <amp_assert_failed>
    20002d00:	90000020 	adrp	x0, 20006000 <xPortStartScheduler+0x40>
    20002d04:	52818581 	mov	w1, #0xc2c                 	// #3116
    20002d08:	9125a000 	add	x0, x0, #0x968
    20002d0c:	97fff921 	bl	20001190 <amp_assert_failed>

0000000020002d10 <xTaskRemoveFromEventList>:
    20002d10:	f9400c00 	ldr	x0, [x0, #24]
    20002d14:	f9400c00 	ldr	x0, [x0, #24]
    20002d18:	b4000940 	cbz	x0, 20002e40 <xTaskRemoveFromEventList+0x130>
    20002d1c:	a9438403 	ldp	x3, x1, [x0, #56]
    20002d20:	9100c004 	add	x4, x0, #0x30
    20002d24:	f9402802 	ldr	x2, [x0, #80]
    20002d28:	f9400445 	ldr	x5, [x2, #8]
    20002d2c:	f9000861 	str	x1, [x3, #16]
    20002d30:	f9000423 	str	x3, [x1, #8]
    20002d34:	eb0400bf 	cmp	x5, x4
    20002d38:	540007c0 	b.eq	20002e30 <xTaskRemoveFromEventList+0x120>  // b.none
    20002d3c:	f9400043 	ldr	x3, [x2]
    20002d40:	d0000021 	adrp	x1, 20008000 <cached_request+0x90>
    20002d44:	9114a021 	add	x1, x1, #0x528
    20002d48:	f900281f 	str	xzr, [x0, #80]
    20002d4c:	d1000463 	sub	x3, x3, #0x1
    20002d50:	f9000043 	str	x3, [x2]
    20002d54:	f9402c03 	ldr	x3, [x0, #88]
    20002d58:	f940d022 	ldr	x2, [x1, #416]
    20002d5c:	b40002c2 	cbz	x2, 20002db4 <xTaskRemoveFromEventList+0xa4>
    20002d60:	f940b026 	ldr	x6, [x1, #352]
    20002d64:	91058022 	add	x2, x1, #0x160
    20002d68:	f940b425 	ldr	x5, [x1, #360]
    20002d6c:	910004c6 	add	x6, x6, #0x1
    20002d70:	f900b026 	str	x6, [x1, #352]
    20002d74:	f9001c05 	str	x5, [x0, #56]
    20002d78:	f94008a6 	ldr	x6, [x5, #16]
    20002d7c:	f9002006 	str	x6, [x0, #64]
    20002d80:	f94008a6 	ldr	x6, [x5, #16]
    20002d84:	f90004c4 	str	x4, [x6, #8]
    20002d88:	f90008a4 	str	x4, [x5, #16]
    20002d8c:	f9002802 	str	x2, [x0, #80]
    20002d90:	f9406822 	ldr	x2, [x1, #208]
    20002d94:	d2800000 	mov	x0, #0x0                   	// #0
    20002d98:	f9402c42 	ldr	x2, [x2, #88]
    20002d9c:	eb03005f 	cmp	x2, x3
    20002da0:	54000082 	b.cs	20002db0 <xTaskRemoveFromEventList+0xa0>  // b.hs, b.nlast
    20002da4:	d2800022 	mov	x2, #0x1                   	// #1
    20002da8:	aa0203e0 	mov	x0, x2
    20002dac:	f9008022 	str	x2, [x1, #256]
    20002db0:	d65f03c0 	ret
    20002db4:	f9401405 	ldr	x5, [x0, #40]
    20002db8:	91002006 	add	x6, x0, #0x8
    20002dbc:	a9411002 	ldp	x2, x4, [x0, #16]
    20002dc0:	f94004a7 	ldr	x7, [x5, #8]
    20002dc4:	f9000844 	str	x4, [x2, #16]
    20002dc8:	f9400c04 	ldr	x4, [x0, #24]
    20002dcc:	f9000482 	str	x2, [x4, #8]
    20002dd0:	eb0600ff 	cmp	x7, x6
    20002dd4:	54000320 	b.eq	20002e38 <xTaskRemoveFromEventList+0x128>  // b.none
    20002dd8:	8b030862 	add	x2, x3, x3, lsl #2
    20002ddc:	d2800024 	mov	x4, #0x1                   	// #1
    20002de0:	f94000a7 	ldr	x7, [x5]
    20002de4:	d37df042 	lsl	x2, x2, #3
    20002de8:	8b020028 	add	x8, x1, x2
    20002dec:	9ac32084 	lsl	x4, x4, x3
    20002df0:	d10004e7 	sub	x7, x7, #0x1
    20002df4:	f90000a7 	str	x7, [x5]
    20002df8:	f9400505 	ldr	x5, [x8, #8]
    20002dfc:	f9406c27 	ldr	x7, [x1, #216]
    20002e00:	f94008a9 	ldr	x9, [x5, #16]
    20002e04:	a9012405 	stp	x5, x9, [x0, #16]
    20002e08:	aa070084 	orr	x4, x4, x7
    20002e0c:	f94008a7 	ldr	x7, [x5, #16]
    20002e10:	f9006c24 	str	x4, [x1, #216]
    20002e14:	f8626824 	ldr	x4, [x1, x2]
    20002e18:	f90004e6 	str	x6, [x7, #8]
    20002e1c:	f90008a6 	str	x6, [x5, #16]
    20002e20:	f9001408 	str	x8, [x0, #40]
    20002e24:	91000484 	add	x4, x4, #0x1
    20002e28:	f8226824 	str	x4, [x1, x2]
    20002e2c:	17ffffd9 	b	20002d90 <xTaskRemoveFromEventList+0x80>
    20002e30:	f9000441 	str	x1, [x2, #8]
    20002e34:	17ffffc2 	b	20002d3c <xTaskRemoveFromEventList+0x2c>
    20002e38:	f90004a4 	str	x4, [x5, #8]
    20002e3c:	17ffffe7 	b	20002dd8 <xTaskRemoveFromEventList+0xc8>
    20002e40:	a9bf7bfd 	stp	x29, x30, [sp, #-16]!
    20002e44:	90000020 	adrp	x0, 20006000 <xPortStartScheduler+0x40>
    20002e48:	52818e81 	mov	w1, #0xc74                 	// #3188
    20002e4c:	910003fd 	mov	x29, sp
    20002e50:	9125a000 	add	x0, x0, #0x968
    20002e54:	97fff8cf 	bl	20001190 <amp_assert_failed>
    20002e58:	d503201f 	nop
    20002e5c:	d503201f 	nop

0000000020002e60 <vTaskRemoveFromUnorderedEventList>:
    20002e60:	d0000023 	adrp	x3, 20008000 <cached_request+0x90>
    20002e64:	9114a063 	add	x3, x3, #0x528
    20002e68:	a9bf7bfd 	stp	x29, x30, [sp, #-16]!
    20002e6c:	910003fd 	mov	x29, sp
    20002e70:	f940d062 	ldr	x2, [x3, #416]
    20002e74:	b4000822 	cbz	x2, 20002f78 <vTaskRemoveFromUnorderedEventList+0x118>
    20002e78:	f9400c02 	ldr	x2, [x0, #24]
    20002e7c:	b2610021 	orr	x1, x1, #0x80000000
    20002e80:	f9000001 	str	x1, [x0]
    20002e84:	b4000722 	cbz	x2, 20002f68 <vTaskRemoveFromUnorderedEventList+0x108>
    20002e88:	f9401001 	ldr	x1, [x0, #32]
    20002e8c:	a9409404 	ldp	x4, x5, [x0, #8]
    20002e90:	f9400426 	ldr	x6, [x1, #8]
    20002e94:	f9000885 	str	x5, [x4, #16]
    20002e98:	f9400805 	ldr	x5, [x0, #16]
    20002e9c:	f90004a4 	str	x4, [x5, #8]
    20002ea0:	eb0000df 	cmp	x6, x0
    20002ea4:	540005e0 	b.eq	20002f60 <vTaskRemoveFromUnorderedEventList+0x100>  // b.none
    20002ea8:	f9400024 	ldr	x4, [x1]
    20002eac:	91002046 	add	x6, x2, #0x8
    20002eb0:	f9400845 	ldr	x5, [x2, #16]
    20002eb4:	f900101f 	str	xzr, [x0, #32]
    20002eb8:	d1000480 	sub	x0, x4, #0x1
    20002ebc:	f9401444 	ldr	x4, [x2, #40]
    20002ec0:	f9000020 	str	x0, [x1]
    20002ec4:	f9400c40 	ldr	x0, [x2, #24]
    20002ec8:	f9400481 	ldr	x1, [x4, #8]
    20002ecc:	f90008a0 	str	x0, [x5, #16]
    20002ed0:	f9400c40 	ldr	x0, [x2, #24]
    20002ed4:	f9000405 	str	x5, [x0, #8]
    20002ed8:	eb06003f 	cmp	x1, x6
    20002edc:	540003e0 	b.eq	20002f58 <vTaskRemoveFromUnorderedEventList+0xf8>  // b.none
    20002ee0:	f9402c41 	ldr	x1, [x2, #88]
    20002ee4:	d2800028 	mov	x8, #0x1                   	// #1
    20002ee8:	f9400087 	ldr	x7, [x4]
    20002eec:	8b010820 	add	x0, x1, x1, lsl #2
    20002ef0:	9ac12105 	lsl	x5, x8, x1
    20002ef4:	d10004e7 	sub	x7, x7, #0x1
    20002ef8:	f9000087 	str	x7, [x4]
    20002efc:	d37df000 	lsl	x0, x0, #3
    20002f00:	8b000067 	add	x7, x3, x0
    20002f04:	f9406c69 	ldr	x9, [x3, #216]
    20002f08:	f94004e4 	ldr	x4, [x7, #8]
    20002f0c:	aa0900a5 	orr	x5, x5, x9
    20002f10:	f9006c65 	str	x5, [x3, #216]
    20002f14:	f9000844 	str	x4, [x2, #16]
    20002f18:	f9400885 	ldr	x5, [x4, #16]
    20002f1c:	f9000c45 	str	x5, [x2, #24]
    20002f20:	f8606865 	ldr	x5, [x3, x0]
    20002f24:	f9400889 	ldr	x9, [x4, #16]
    20002f28:	8b0800a5 	add	x5, x5, x8
    20002f2c:	f9000526 	str	x6, [x9, #8]
    20002f30:	f9000886 	str	x6, [x4, #16]
    20002f34:	f9001447 	str	x7, [x2, #40]
    20002f38:	f8206865 	str	x5, [x3, x0]
    20002f3c:	f9406860 	ldr	x0, [x3, #208]
    20002f40:	f9402c00 	ldr	x0, [x0, #88]
    20002f44:	eb00003f 	cmp	x1, x0
    20002f48:	54000049 	b.ls	20002f50 <vTaskRemoveFromUnorderedEventList+0xf0>  // b.plast
    20002f4c:	f9008068 	str	x8, [x3, #256]
    20002f50:	a8c17bfd 	ldp	x29, x30, [sp], #16
    20002f54:	d65f03c0 	ret
    20002f58:	f9000480 	str	x0, [x4, #8]
    20002f5c:	17ffffe1 	b	20002ee0 <vTaskRemoveFromUnorderedEventList+0x80>
    20002f60:	f9000425 	str	x5, [x1, #8]
    20002f64:	17ffffd1 	b	20002ea8 <vTaskRemoveFromUnorderedEventList+0x48>
    20002f68:	90000020 	adrp	x0, 20006000 <xPortStartScheduler+0x40>
    20002f6c:	52819681 	mov	w1, #0xcb4                 	// #3252
    20002f70:	9125a000 	add	x0, x0, #0x968
    20002f74:	97fff887 	bl	20001190 <amp_assert_failed>
    20002f78:	90000020 	adrp	x0, 20006000 <xPortStartScheduler+0x40>
    20002f7c:	52819581 	mov	w1, #0xcac                 	// #3244
    20002f80:	9125a000 	add	x0, x0, #0x968
    20002f84:	97fff883 	bl	20001190 <amp_assert_failed>
    20002f88:	d503201f 	nop
    20002f8c:	d503201f 	nop

0000000020002f90 <vTaskSetTimeOutState>:
    20002f90:	a9be7bfd 	stp	x29, x30, [sp, #-32]!
    20002f94:	910003fd 	mov	x29, sp
    20002f98:	f9000bf3 	str	x19, [sp, #16]
    20002f9c:	b4000160 	cbz	x0, 20002fc8 <vTaskSetTimeOutState+0x38>
    20002fa0:	aa0003f3 	mov	x19, x0
    20002fa4:	94000c27 	bl	20006040 <vPortEnterCritical>
    20002fa8:	d0000020 	adrp	x0, 20008000 <cached_request+0x90>
    20002fac:	9114a000 	add	x0, x0, #0x528
    20002fb0:	f9407c01 	ldr	x1, [x0, #248]
    20002fb4:	f9406400 	ldr	x0, [x0, #200]
    20002fb8:	a9000261 	stp	x1, x0, [x19]
    20002fbc:	f9400bf3 	ldr	x19, [sp, #16]
    20002fc0:	a8c27bfd 	ldp	x29, x30, [sp], #32
    20002fc4:	14000c3f 	b	200060c0 <vPortExitCritical>
    20002fc8:	90000020 	adrp	x0, 20006000 <xPortStartScheduler+0x40>
    20002fcc:	52819b01 	mov	w1, #0xcd8                 	// #3288
    20002fd0:	9125a000 	add	x0, x0, #0x968
    20002fd4:	97fff86f 	bl	20001190 <amp_assert_failed>
    20002fd8:	d503201f 	nop
    20002fdc:	d503201f 	nop

0000000020002fe0 <vTaskInternalSetTimeOutState>:
    20002fe0:	d0000021 	adrp	x1, 20008000 <cached_request+0x90>
    20002fe4:	9114a021 	add	x1, x1, #0x528
    20002fe8:	f9407c22 	ldr	x2, [x1, #248]
    20002fec:	f9406421 	ldr	x1, [x1, #200]
    20002ff0:	a9000402 	stp	x2, x1, [x0]
    20002ff4:	d65f03c0 	ret
    20002ff8:	d503201f 	nop
    20002ffc:	d503201f 	nop

0000000020003000 <xTaskCheckForTimeOut>:
    20003000:	a9bd7bfd 	stp	x29, x30, [sp, #-48]!
    20003004:	910003fd 	mov	x29, sp
    20003008:	a90153f3 	stp	x19, x20, [sp, #16]
    2000300c:	f90013f5 	str	x21, [sp, #32]
    20003010:	b4000560 	cbz	x0, 200030bc <xTaskCheckForTimeOut+0xbc>
    20003014:	aa0103f4 	mov	x20, x1
    20003018:	b40004a1 	cbz	x1, 200030ac <xTaskCheckForTimeOut+0xac>
    2000301c:	aa0003f3 	mov	x19, x0
    20003020:	94000c08 	bl	20006040 <vPortEnterCritical>
    20003024:	b0000021 	adrp	x1, 20008000 <cached_request+0x90>
    20003028:	9114a021 	add	x1, x1, #0x528
    2000302c:	a9400e64 	ldp	x4, x3, [x19]
    20003030:	f9406422 	ldr	x2, [x1, #200]
    20003034:	f9407c20 	ldr	x0, [x1, #248]
    20003038:	eb00009f 	cmp	x4, x0
    2000303c:	fa421062 	ccmp	x3, x2, #0x2, ne  // ne = any
    20003040:	540000a9 	b.ls	20003054 <xTaskCheckForTimeOut+0x54>  // b.plast
    20003044:	f9400280 	ldr	x0, [x20]
    20003048:	cb030044 	sub	x4, x2, x3
    2000304c:	eb04001f 	cmp	x0, x4
    20003050:	54000128 	b.hi	20003074 <xTaskCheckForTimeOut+0x74>  // b.pmore
    20003054:	f900029f 	str	xzr, [x20]
    20003058:	d2800035 	mov	x21, #0x1                   	// #1
    2000305c:	94000c19 	bl	200060c0 <vPortExitCritical>
    20003060:	aa1503e0 	mov	x0, x21
    20003064:	a94153f3 	ldp	x19, x20, [sp, #16]
    20003068:	f94013f5 	ldr	x21, [sp, #32]
    2000306c:	a8c37bfd 	ldp	x29, x30, [sp], #48
    20003070:	d65f03c0 	ret
    20003074:	cb020002 	sub	x2, x0, x2
    20003078:	d2800015 	mov	x21, #0x0                   	// #0
    2000307c:	8b030042 	add	x2, x2, x3
    20003080:	f9000282 	str	x2, [x20]
    20003084:	f9407c20 	ldr	x0, [x1, #248]
    20003088:	f9000260 	str	x0, [x19]
    2000308c:	f9406420 	ldr	x0, [x1, #200]
    20003090:	f9000660 	str	x0, [x19, #8]
    20003094:	94000c0b 	bl	200060c0 <vPortExitCritical>
    20003098:	aa1503e0 	mov	x0, x21
    2000309c:	a94153f3 	ldp	x19, x20, [sp, #16]
    200030a0:	f94013f5 	ldr	x21, [sp, #32]
    200030a4:	a8c37bfd 	ldp	x29, x30, [sp], #48
    200030a8:	d65f03c0 	ret
    200030ac:	f0000000 	adrp	x0, 20006000 <xPortStartScheduler+0x40>
    200030b0:	52819e01 	mov	w1, #0xcf0                 	// #3312
    200030b4:	9125a000 	add	x0, x0, #0x968
    200030b8:	97fff836 	bl	20001190 <amp_assert_failed>
    200030bc:	f0000000 	adrp	x0, 20006000 <xPortStartScheduler+0x40>
    200030c0:	52819de1 	mov	w1, #0xcef                 	// #3311
    200030c4:	9125a000 	add	x0, x0, #0x968
    200030c8:	97fff832 	bl	20001190 <amp_assert_failed>
    200030cc:	d503201f 	nop

00000000200030d0 <vTaskMissedYield>:
    200030d0:	b0000020 	adrp	x0, 20008000 <cached_request+0x90>
    200030d4:	9114a000 	add	x0, x0, #0x528
    200030d8:	d2800021 	mov	x1, #0x1                   	// #1
    200030dc:	f9008001 	str	x1, [x0, #256]
    200030e0:	d65f03c0 	ret

00000000200030e4 <xTaskGetCurrentTaskHandle>:
    200030e4:	b0000020 	adrp	x0, 20008000 <cached_request+0x90>
    200030e8:	9114a000 	add	x0, x0, #0x528
    200030ec:	f9406800 	ldr	x0, [x0, #208]
    200030f0:	d65f03c0 	ret

00000000200030f4 <uxTaskResetEventItemValue>:
    200030f4:	b0000020 	adrp	x0, 20008000 <cached_request+0x90>
    200030f8:	9114a000 	add	x0, x0, #0x528
    200030fc:	d28000a1 	mov	x1, #0x5                   	// #5
    20003100:	f9406804 	ldr	x4, [x0, #208]
    20003104:	f9406803 	ldr	x3, [x0, #208]
    20003108:	f9406802 	ldr	x2, [x0, #208]
    2000310c:	f9402c63 	ldr	x3, [x3, #88]
    20003110:	f9401880 	ldr	x0, [x4, #48]
    20003114:	cb030021 	sub	x1, x1, x3
    20003118:	f9001841 	str	x1, [x2, #48]
    2000311c:	d65f03c0 	ret

0000000020003120 <ulTaskGenericNotifyTake>:
    20003120:	a9bd7bfd 	stp	x29, x30, [sp, #-48]!
    20003124:	910003fd 	mov	x29, sp
    20003128:	a90153f3 	stp	x19, x20, [sp, #16]
    2000312c:	f90013f5 	str	x21, [sp, #32]
    20003130:	b5000600 	cbnz	x0, 200031f0 <ulTaskGenericNotifyTake+0xd0>
    20003134:	b0000033 	adrp	x19, 20008000 <cached_request+0x90>
    20003138:	9114a273 	add	x19, x19, #0x528
    2000313c:	aa0103f5 	mov	x21, x1
    20003140:	aa0203f4 	mov	x20, x2
    20003144:	94000bbf 	bl	20006040 <vPortEnterCritical>
    20003148:	f9406a60 	ldr	x0, [x19, #208]
    2000314c:	b9407800 	ldr	w0, [x0, #120]
    20003150:	350000a0 	cbnz	w0, 20003164 <ulTaskGenericNotifyTake+0x44>
    20003154:	f9406a60 	ldr	x0, [x19, #208]
    20003158:	52800021 	mov	w1, #0x1                   	// #1
    2000315c:	3901f001 	strb	w1, [x0, #124]
    20003160:	b5000374 	cbnz	x20, 200031cc <ulTaskGenericNotifyTake+0xac>
    20003164:	94000bd7 	bl	200060c0 <vPortExitCritical>
    20003168:	94000bb6 	bl	20006040 <vPortEnterCritical>
    2000316c:	f9406a60 	ldr	x0, [x19, #208]
    20003170:	b9407814 	ldr	w20, [x0, #120]
    20003174:	34000094 	cbz	w20, 20003184 <ulTaskGenericNotifyTake+0x64>
    20003178:	f9406a60 	ldr	x0, [x19, #208]
    2000317c:	b4000155 	cbz	x21, 200031a4 <ulTaskGenericNotifyTake+0x84>
    20003180:	b900781f 	str	wzr, [x0, #120]
    20003184:	f9406a60 	ldr	x0, [x19, #208]
    20003188:	3901f01f 	strb	wzr, [x0, #124]
    2000318c:	94000bcd 	bl	200060c0 <vPortExitCritical>
    20003190:	2a1403e0 	mov	w0, w20
    20003194:	a94153f3 	ldp	x19, x20, [sp, #16]
    20003198:	f94013f5 	ldr	x21, [sp, #32]
    2000319c:	a8c37bfd 	ldp	x29, x30, [sp], #48
    200031a0:	d65f03c0 	ret
    200031a4:	51000681 	sub	w1, w20, #0x1
    200031a8:	b9007801 	str	w1, [x0, #120]
    200031ac:	f9406a60 	ldr	x0, [x19, #208]
    200031b0:	3901f01f 	strb	wzr, [x0, #124]
    200031b4:	94000bc3 	bl	200060c0 <vPortExitCritical>
    200031b8:	2a1403e0 	mov	w0, w20
    200031bc:	a94153f3 	ldp	x19, x20, [sp, #16]
    200031c0:	f94013f5 	ldr	x21, [sp, #32]
    200031c4:	a8c37bfd 	ldp	x29, x30, [sp], #48
    200031c8:	d65f03c0 	ret
    200031cc:	aa1403e0 	mov	x0, x20
    200031d0:	97fffbcc 	bl	20002100 <prvAddCurrentTaskToDelayedList.constprop.0>
    200031d4:	d4000001 	svc	#0x0
    200031d8:	94000bba 	bl	200060c0 <vPortExitCritical>
    200031dc:	94000b99 	bl	20006040 <vPortEnterCritical>
    200031e0:	f9406a60 	ldr	x0, [x19, #208]
    200031e4:	b9407814 	ldr	w20, [x0, #120]
    200031e8:	34fffcf4 	cbz	w20, 20003184 <ulTaskGenericNotifyTake+0x64>
    200031ec:	17ffffe3 	b	20003178 <ulTaskGenericNotifyTake+0x58>
    200031f0:	f0000000 	adrp	x0, 20006000 <xPortStartScheduler+0x40>
    200031f4:	52824b21 	mov	w1, #0x1259                	// #4697
    200031f8:	9125a000 	add	x0, x0, #0x968
    200031fc:	97fff7e5 	bl	20001190 <amp_assert_failed>

0000000020003200 <xTaskGenericNotifyWait>:
    20003200:	a9bc7bfd 	stp	x29, x30, [sp, #-64]!
    20003204:	910003fd 	mov	x29, sp
    20003208:	a90153f3 	stp	x19, x20, [sp, #16]
    2000320c:	a9025bf5 	stp	x21, x22, [sp, #32]
    20003210:	f9001bf7 	str	x23, [sp, #48]
    20003214:	b5000660 	cbnz	x0, 200032e0 <xTaskGenericNotifyWait+0xe0>
    20003218:	b0000033 	adrp	x19, 20008000 <cached_request+0x90>
    2000321c:	9114a273 	add	x19, x19, #0x528
    20003220:	2a0103f4 	mov	w20, w1
    20003224:	2a0203f5 	mov	w21, w2
    20003228:	aa0303f7 	mov	x23, x3
    2000322c:	aa0403f6 	mov	x22, x4
    20003230:	94000b84 	bl	20006040 <vPortEnterCritical>
    20003234:	f9406a60 	ldr	x0, [x19, #208]
    20003238:	3941f001 	ldrb	w1, [x0, #124]
    2000323c:	12001c21 	and	w1, w1, #0xff
    20003240:	7100083f 	cmp	w1, #0x2
    20003244:	54000120 	b.eq	20003268 <xTaskGenericNotifyWait+0x68>  // b.none
    20003248:	f9406a60 	ldr	x0, [x19, #208]
    2000324c:	52800022 	mov	w2, #0x1                   	// #1
    20003250:	b9407801 	ldr	w1, [x0, #120]
    20003254:	0a340034 	bic	w20, w1, w20
    20003258:	b9007814 	str	w20, [x0, #120]
    2000325c:	f9406a60 	ldr	x0, [x19, #208]
    20003260:	3901f002 	strb	w2, [x0, #124]
    20003264:	b5000376 	cbnz	x22, 200032d0 <xTaskGenericNotifyWait+0xd0>
    20003268:	94000b96 	bl	200060c0 <vPortExitCritical>
    2000326c:	94000b75 	bl	20006040 <vPortEnterCritical>
    20003270:	b4000097 	cbz	x23, 20003280 <xTaskGenericNotifyWait+0x80>
    20003274:	f9406a60 	ldr	x0, [x19, #208]
    20003278:	b9407800 	ldr	w0, [x0, #120]
    2000327c:	b90002e0 	str	w0, [x23]
    20003280:	f9406a60 	ldr	x0, [x19, #208]
    20003284:	d2800014 	mov	x20, #0x0                   	// #0
    20003288:	3941f001 	ldrb	w1, [x0, #124]
    2000328c:	12001c21 	and	w1, w1, #0xff
    20003290:	7100083f 	cmp	w1, #0x2
    20003294:	540000c1 	b.ne	200032ac <xTaskGenericNotifyWait+0xac>  // b.any
    20003298:	f9406a60 	ldr	x0, [x19, #208]
    2000329c:	d2800034 	mov	x20, #0x1                   	// #1
    200032a0:	b9407802 	ldr	w2, [x0, #120]
    200032a4:	0a350055 	bic	w21, w2, w21
    200032a8:	b9007815 	str	w21, [x0, #120]
    200032ac:	f9406a60 	ldr	x0, [x19, #208]
    200032b0:	3901f01f 	strb	wzr, [x0, #124]
    200032b4:	94000b83 	bl	200060c0 <vPortExitCritical>
    200032b8:	aa1403e0 	mov	x0, x20
    200032bc:	a94153f3 	ldp	x19, x20, [sp, #16]
    200032c0:	a9425bf5 	ldp	x21, x22, [sp, #32]
    200032c4:	f9401bf7 	ldr	x23, [sp, #48]
    200032c8:	a8c47bfd 	ldp	x29, x30, [sp], #64
    200032cc:	d65f03c0 	ret
    200032d0:	aa1603e0 	mov	x0, x22
    200032d4:	97fffb8b 	bl	20002100 <prvAddCurrentTaskToDelayedList.constprop.0>
    200032d8:	d4000001 	svc	#0x0
    200032dc:	17ffffe3 	b	20003268 <xTaskGenericNotifyWait+0x68>
    200032e0:	f0000000 	adrp	x0, 20006000 <xPortStartScheduler+0x40>
    200032e4:	52825461 	mov	w1, #0x12a3                	// #4771
    200032e8:	9125a000 	add	x0, x0, #0x968
    200032ec:	97fff7a9 	bl	20001190 <amp_assert_failed>

00000000200032f0 <xTaskGenericNotify>:
    200032f0:	a9bd7bfd 	stp	x29, x30, [sp, #-48]!
    200032f4:	910003fd 	mov	x29, sp
    200032f8:	a90153f3 	stp	x19, x20, [sp, #16]
    200032fc:	a9025bf5 	stp	x21, x22, [sp, #32]
    20003300:	b5000ca1 	cbnz	x1, 20003494 <xTaskGenericNotify+0x1a4>
    20003304:	aa0003f3 	mov	x19, x0
    20003308:	b4000ce0 	cbz	x0, 200034a4 <xTaskGenericNotify+0x1b4>
    2000330c:	aa0403f5 	mov	x21, x4
    20003310:	2a0203f6 	mov	w22, w2
    20003314:	2a0303f4 	mov	w20, w3
    20003318:	94000b4a 	bl	20006040 <vPortEnterCritical>
    2000331c:	b4000075 	cbz	x21, 20003328 <xTaskGenericNotify+0x38>
    20003320:	b9407a60 	ldr	w0, [x19, #120]
    20003324:	b90002a0 	str	w0, [x21]
    20003328:	3941f260 	ldrb	w0, [x19, #124]
    2000332c:	52800041 	mov	w1, #0x2                   	// #2
    20003330:	3901f261 	strb	w1, [x19, #124]
    20003334:	12001c00 	and	w0, w0, #0xff
    20003338:	71000a9f 	cmp	w20, #0x2
    2000333c:	54000a40 	b.eq	20003484 <xTaskGenericNotify+0x194>  // b.none
    20003340:	54000709 	b.ls	20003420 <xTaskGenericNotify+0x130>  // b.plast
    20003344:	71000e9f 	cmp	w20, #0x3
    20003348:	540000a0 	b.eq	2000335c <xTaskGenericNotify+0x6c>  // b.none
    2000334c:	7100129f 	cmp	w20, #0x4
    20003350:	540008a1 	b.ne	20003464 <xTaskGenericNotify+0x174>  // b.any
    20003354:	7100081f 	cmp	w0, #0x2
    20003358:	54000820 	b.eq	2000345c <xTaskGenericNotify+0x16c>  // b.none
    2000335c:	b9007a76 	str	w22, [x19, #120]
    20003360:	7100041f 	cmp	w0, #0x1
    20003364:	54000501 	b.ne	20003404 <xTaskGenericNotify+0x114>  // b.any
    20003368:	f9401664 	ldr	x4, [x19, #40]
    2000336c:	91002266 	add	x6, x19, #0x8
    20003370:	a9410660 	ldp	x0, x1, [x19, #16]
    20003374:	f9400482 	ldr	x2, [x4, #8]
    20003378:	f9000801 	str	x1, [x0, #16]
    2000337c:	f9400e61 	ldr	x1, [x19, #24]
    20003380:	f9000420 	str	x0, [x1, #8]
    20003384:	eb06005f 	cmp	x2, x6
    20003388:	54000660 	b.eq	20003454 <xTaskGenericNotify+0x164>  // b.none
    2000338c:	f9402e63 	ldr	x3, [x19, #88]
    20003390:	b0000021 	adrp	x1, 20008000 <cached_request+0x90>
    20003394:	f9400087 	ldr	x7, [x4]
    20003398:	9114a021 	add	x1, x1, #0x528
    2000339c:	8b030862 	add	x2, x3, x3, lsl #2
    200033a0:	d2800020 	mov	x0, #0x1                   	// #1
    200033a4:	d10004e7 	sub	x7, x7, #0x1
    200033a8:	f9000087 	str	x7, [x4]
    200033ac:	d37df042 	lsl	x2, x2, #3
    200033b0:	9ac32005 	lsl	x5, x0, x3
    200033b4:	8b020028 	add	x8, x1, x2
    200033b8:	f9406c29 	ldr	x9, [x1, #216]
    200033bc:	f9400504 	ldr	x4, [x8, #8]
    200033c0:	aa0900a5 	orr	x5, x5, x9
    200033c4:	f9006c25 	str	x5, [x1, #216]
    200033c8:	f9402a67 	ldr	x7, [x19, #80]
    200033cc:	f940088a 	ldr	x10, [x4, #16]
    200033d0:	f8626825 	ldr	x5, [x1, x2]
    200033d4:	a9012a64 	stp	x4, x10, [x19, #16]
    200033d8:	f9400889 	ldr	x9, [x4, #16]
    200033dc:	f9000526 	str	x6, [x9, #8]
    200033e0:	f9000886 	str	x6, [x4, #16]
    200033e4:	8b0000a4 	add	x4, x5, x0
    200033e8:	f9001668 	str	x8, [x19, #40]
    200033ec:	f8226824 	str	x4, [x1, x2]
    200033f0:	b5000627 	cbnz	x7, 200034b4 <xTaskGenericNotify+0x1c4>
    200033f4:	f9406821 	ldr	x1, [x1, #208]
    200033f8:	f9402c21 	ldr	x1, [x1, #88]
    200033fc:	eb01007f 	cmp	x3, x1
    20003400:	540001a8 	b.hi	20003434 <xTaskGenericNotify+0x144>  // b.pmore
    20003404:	d2800033 	mov	x19, #0x1                   	// #1
    20003408:	94000b2e 	bl	200060c0 <vPortExitCritical>
    2000340c:	aa1303e0 	mov	x0, x19
    20003410:	a94153f3 	ldp	x19, x20, [sp, #16]
    20003414:	a9425bf5 	ldp	x21, x22, [sp, #32]
    20003418:	a8c37bfd 	ldp	x29, x30, [sp], #48
    2000341c:	d65f03c0 	ret
    20003420:	34fffa14 	cbz	w20, 20003360 <xTaskGenericNotify+0x70>
    20003424:	b9407a62 	ldr	w2, [x19, #120]
    20003428:	2a160042 	orr	w2, w2, w22
    2000342c:	b9007a62 	str	w2, [x19, #120]
    20003430:	17ffffcc 	b	20003360 <xTaskGenericNotify+0x70>
    20003434:	d4000001 	svc	#0x0
    20003438:	aa0003f3 	mov	x19, x0
    2000343c:	94000b21 	bl	200060c0 <vPortExitCritical>
    20003440:	aa1303e0 	mov	x0, x19
    20003444:	a94153f3 	ldp	x19, x20, [sp, #16]
    20003448:	a9425bf5 	ldp	x21, x22, [sp, #32]
    2000344c:	a8c37bfd 	ldp	x29, x30, [sp], #48
    20003450:	d65f03c0 	ret
    20003454:	f9000481 	str	x1, [x4, #8]
    20003458:	17ffffcd 	b	2000338c <xTaskGenericNotify+0x9c>
    2000345c:	d2800013 	mov	x19, #0x0                   	// #0
    20003460:	17ffffea 	b	20003408 <xTaskGenericNotify+0x118>
    20003464:	b0000021 	adrp	x1, 20008000 <cached_request+0x90>
    20003468:	9114a021 	add	x1, x1, #0x528
    2000346c:	f9406421 	ldr	x1, [x1, #200]
    20003470:	b4fff781 	cbz	x1, 20003360 <xTaskGenericNotify+0x70>
    20003474:	f0000000 	adrp	x0, 20006000 <xPortStartScheduler+0x40>
    20003478:	52826621 	mov	w1, #0x1331                	// #4913
    2000347c:	9125a000 	add	x0, x0, #0x968
    20003480:	97fff744 	bl	20001190 <amp_assert_failed>
    20003484:	b9407a61 	ldr	w1, [x19, #120]
    20003488:	11000421 	add	w1, w1, #0x1
    2000348c:	b9007a61 	str	w1, [x19, #120]
    20003490:	17ffffb4 	b	20003360 <xTaskGenericNotify+0x70>
    20003494:	f0000000 	adrp	x0, 20006000 <xPortStartScheduler+0x40>
    20003498:	52825f61 	mov	w1, #0x12fb                	// #4859
    2000349c:	9125a000 	add	x0, x0, #0x968
    200034a0:	97fff73c 	bl	20001190 <amp_assert_failed>
    200034a4:	f0000000 	adrp	x0, 20006000 <xPortStartScheduler+0x40>
    200034a8:	52825f81 	mov	w1, #0x12fc                	// #4860
    200034ac:	9125a000 	add	x0, x0, #0x968
    200034b0:	97fff738 	bl	20001190 <amp_assert_failed>
    200034b4:	f0000000 	adrp	x0, 20006000 <xPortStartScheduler+0x40>
    200034b8:	52826801 	mov	w1, #0x1340                	// #4928
    200034bc:	9125a000 	add	x0, x0, #0x968
    200034c0:	97fff734 	bl	20001190 <amp_assert_failed>

00000000200034c4 <xTaskGenericNotifyFromISR>:
    200034c4:	a9bc7bfd 	stp	x29, x30, [sp, #-64]!
    200034c8:	910003fd 	mov	x29, sp
    200034cc:	a90153f3 	stp	x19, x20, [sp, #16]
    200034d0:	a9025bf5 	stp	x21, x22, [sp, #32]
    200034d4:	f9001bf7 	str	x23, [sp, #48]
    200034d8:	b4001020 	cbz	x0, 200036dc <xTaskGenericNotifyFromISR+0x218>
    200034dc:	b5000f81 	cbnz	x1, 200036cc <xTaskGenericNotifyFromISR+0x208>
    200034e0:	aa0403f5 	mov	x21, x4
    200034e4:	aa0003f3 	mov	x19, x0
    200034e8:	2a0203f6 	mov	w22, w2
    200034ec:	2a0303f4 	mov	w20, w3
    200034f0:	aa0503f7 	mov	x23, x5
    200034f4:	94000b4f 	bl	20006230 <vPortValidateInterruptPriority>
    200034f8:	94000b3e 	bl	200061f0 <uxPortSetInterruptMask>
    200034fc:	b4000075 	cbz	x21, 20003508 <xTaskGenericNotifyFromISR+0x44>
    20003500:	b9407a61 	ldr	w1, [x19, #120]
    20003504:	b90002a1 	str	w1, [x21]
    20003508:	3941f261 	ldrb	w1, [x19, #124]
    2000350c:	52800042 	mov	w2, #0x2                   	// #2
    20003510:	3901f262 	strb	w2, [x19, #124]
    20003514:	12001c21 	and	w1, w1, #0xff
    20003518:	71000a9f 	cmp	w20, #0x2
    2000351c:	54000c00 	b.eq	2000369c <xTaskGenericNotifyFromISR+0x1d8>  // b.none
    20003520:	540005c9 	b.ls	200035d8 <xTaskGenericNotifyFromISR+0x114>  // b.plast
    20003524:	71000e9f 	cmp	w20, #0x3
    20003528:	540000a0 	b.eq	2000353c <xTaskGenericNotifyFromISR+0x78>  // b.none
    2000352c:	7100129f 	cmp	w20, #0x4
    20003530:	54000be1 	b.ne	200036ac <xTaskGenericNotifyFromISR+0x1e8>  // b.any
    20003534:	7100083f 	cmp	w1, #0x2
    20003538:	54000ae0 	b.eq	20003694 <xTaskGenericNotifyFromISR+0x1d0>  // b.none
    2000353c:	b9007a76 	str	w22, [x19, #120]
    20003540:	7100043f 	cmp	w1, #0x1
    20003544:	54000561 	b.ne	200035f0 <xTaskGenericNotifyFromISR+0x12c>  // b.any
    20003548:	f9402a61 	ldr	x1, [x19, #80]
    2000354c:	b5000d01 	cbnz	x1, 200036ec <xTaskGenericNotifyFromISR+0x228>
    20003550:	b0000021 	adrp	x1, 20008000 <cached_request+0x90>
    20003554:	9114a021 	add	x1, x1, #0x528
    20003558:	f9402e63 	ldr	x3, [x19, #88]
    2000355c:	f940d022 	ldr	x2, [x1, #416]
    20003560:	b4000582 	cbz	x2, 20003610 <xTaskGenericNotifyFromISR+0x14c>
    20003564:	f940b025 	ldr	x5, [x1, #352]
    20003568:	9100c266 	add	x6, x19, #0x30
    2000356c:	f940b424 	ldr	x4, [x1, #360]
    20003570:	910004a5 	add	x5, x5, #0x1
    20003574:	f900b025 	str	x5, [x1, #352]
    20003578:	91058022 	add	x2, x1, #0x160
    2000357c:	f9400885 	ldr	x5, [x4, #16]
    20003580:	a9039664 	stp	x4, x5, [x19, #56]
    20003584:	f9400885 	ldr	x5, [x4, #16]
    20003588:	f90004a6 	str	x6, [x5, #8]
    2000358c:	f9000886 	str	x6, [x4, #16]
    20003590:	f9002a62 	str	x2, [x19, #80]
    20003594:	f9406822 	ldr	x2, [x1, #208]
    20003598:	f9402c42 	ldr	x2, [x2, #88]
    2000359c:	eb03005f 	cmp	x2, x3
    200035a0:	54000282 	b.cs	200035f0 <xTaskGenericNotifyFromISR+0x12c>  // b.hs, b.nlast
    200035a4:	b4000077 	cbz	x23, 200035b0 <xTaskGenericNotifyFromISR+0xec>
    200035a8:	d2800022 	mov	x2, #0x1                   	// #1
    200035ac:	f90002e2 	str	x2, [x23]
    200035b0:	d2800022 	mov	x2, #0x1                   	// #1
    200035b4:	aa0203f3 	mov	x19, x2
    200035b8:	f9008022 	str	x2, [x1, #256]
    200035bc:	94000b01 	bl	200061c0 <vPortClearInterruptMask>
    200035c0:	aa1303e0 	mov	x0, x19
    200035c4:	a94153f3 	ldp	x19, x20, [sp, #16]
    200035c8:	a9425bf5 	ldp	x21, x22, [sp, #32]
    200035cc:	f9401bf7 	ldr	x23, [sp, #48]
    200035d0:	a8c47bfd 	ldp	x29, x30, [sp], #64
    200035d4:	d65f03c0 	ret
    200035d8:	34fffb54 	cbz	w20, 20003540 <xTaskGenericNotifyFromISR+0x7c>
    200035dc:	b9407a62 	ldr	w2, [x19, #120]
    200035e0:	2a160056 	orr	w22, w2, w22
    200035e4:	b9007a76 	str	w22, [x19, #120]
    200035e8:	7100043f 	cmp	w1, #0x1
    200035ec:	54fffae0 	b.eq	20003548 <xTaskGenericNotifyFromISR+0x84>  // b.none
    200035f0:	d2800033 	mov	x19, #0x1                   	// #1
    200035f4:	94000af3 	bl	200061c0 <vPortClearInterruptMask>
    200035f8:	aa1303e0 	mov	x0, x19
    200035fc:	a94153f3 	ldp	x19, x20, [sp, #16]
    20003600:	a9425bf5 	ldp	x21, x22, [sp, #32]
    20003604:	f9401bf7 	ldr	x23, [sp, #48]
    20003608:	a8c47bfd 	ldp	x29, x30, [sp], #64
    2000360c:	d65f03c0 	ret
    20003610:	f9401665 	ldr	x5, [x19, #40]
    20003614:	91002266 	add	x6, x19, #0x8
    20003618:	a9411262 	ldp	x2, x4, [x19, #16]
    2000361c:	f94004a7 	ldr	x7, [x5, #8]
    20003620:	f9000844 	str	x4, [x2, #16]
    20003624:	f9400e64 	ldr	x4, [x19, #24]
    20003628:	f9000482 	str	x2, [x4, #8]
    2000362c:	eb0600ff 	cmp	x7, x6
    20003630:	540002e0 	b.eq	2000368c <xTaskGenericNotifyFromISR+0x1c8>  // b.none
    20003634:	8b030862 	add	x2, x3, x3, lsl #2
    20003638:	d2800024 	mov	x4, #0x1                   	// #1
    2000363c:	f94000a7 	ldr	x7, [x5]
    20003640:	d37df042 	lsl	x2, x2, #3
    20003644:	8b020028 	add	x8, x1, x2
    20003648:	9ac32084 	lsl	x4, x4, x3
    2000364c:	d10004e7 	sub	x7, x7, #0x1
    20003650:	f90000a7 	str	x7, [x5]
    20003654:	f9400505 	ldr	x5, [x8, #8]
    20003658:	f9406c27 	ldr	x7, [x1, #216]
    2000365c:	f94008a9 	ldr	x9, [x5, #16]
    20003660:	aa070084 	orr	x4, x4, x7
    20003664:	f9006c24 	str	x4, [x1, #216]
    20003668:	f8626824 	ldr	x4, [x1, x2]
    2000366c:	a9012665 	stp	x5, x9, [x19, #16]
    20003670:	f94008a7 	ldr	x7, [x5, #16]
    20003674:	91000484 	add	x4, x4, #0x1
    20003678:	f90004e6 	str	x6, [x7, #8]
    2000367c:	f90008a6 	str	x6, [x5, #16]
    20003680:	f9001668 	str	x8, [x19, #40]
    20003684:	f8226824 	str	x4, [x1, x2]
    20003688:	17ffffc3 	b	20003594 <xTaskGenericNotifyFromISR+0xd0>
    2000368c:	f90004a4 	str	x4, [x5, #8]
    20003690:	17ffffe9 	b	20003634 <xTaskGenericNotifyFromISR+0x170>
    20003694:	d2800013 	mov	x19, #0x0                   	// #0
    20003698:	17ffffd7 	b	200035f4 <xTaskGenericNotifyFromISR+0x130>
    2000369c:	b9407a62 	ldr	w2, [x19, #120]
    200036a0:	11000442 	add	w2, w2, #0x1
    200036a4:	b9007a62 	str	w2, [x19, #120]
    200036a8:	17ffffa6 	b	20003540 <xTaskGenericNotifyFromISR+0x7c>
    200036ac:	b0000022 	adrp	x2, 20008000 <cached_request+0x90>
    200036b0:	9114a042 	add	x2, x2, #0x528
    200036b4:	f9406442 	ldr	x2, [x2, #200]
    200036b8:	b4fff442 	cbz	x2, 20003540 <xTaskGenericNotifyFromISR+0x7c>
    200036bc:	f0000000 	adrp	x0, 20006000 <xPortStartScheduler+0x40>
    200036c0:	52827801 	mov	w1, #0x13c0                	// #5056
    200036c4:	9125a000 	add	x0, x0, #0x968
    200036c8:	97fff6b2 	bl	20001190 <amp_assert_failed>
    200036cc:	f0000000 	adrp	x0, 20006000 <xPortStartScheduler+0x40>
    200036d0:	52826f21 	mov	w1, #0x1379                	// #4985
    200036d4:	9125a000 	add	x0, x0, #0x968
    200036d8:	97fff6ae 	bl	20001190 <amp_assert_failed>
    200036dc:	f0000000 	adrp	x0, 20006000 <xPortStartScheduler+0x40>
    200036e0:	52826f01 	mov	w1, #0x1378                	// #4984
    200036e4:	9125a000 	add	x0, x0, #0x968
    200036e8:	97fff6aa 	bl	20001190 <amp_assert_failed>
    200036ec:	f0000000 	adrp	x0, 20006000 <xPortStartScheduler+0x40>
    200036f0:	52827961 	mov	w1, #0x13cb                	// #5067
    200036f4:	9125a000 	add	x0, x0, #0x968
    200036f8:	97fff6a6 	bl	20001190 <amp_assert_failed>
    200036fc:	d503201f 	nop

0000000020003700 <vTaskGenericNotifyGiveFromISR>:
    20003700:	a9be7bfd 	stp	x29, x30, [sp, #-32]!
    20003704:	910003fd 	mov	x29, sp
    20003708:	a90153f3 	stp	x19, x20, [sp, #16]
    2000370c:	b4000a60 	cbz	x0, 20003858 <vTaskGenericNotifyGiveFromISR+0x158>
    20003710:	b50009c1 	cbnz	x1, 20003848 <vTaskGenericNotifyGiveFromISR+0x148>
    20003714:	aa0003f3 	mov	x19, x0
    20003718:	aa0203f4 	mov	x20, x2
    2000371c:	94000ac5 	bl	20006230 <vPortValidateInterruptPriority>
    20003720:	94000ab4 	bl	200061f0 <uxPortSetInterruptMask>
    20003724:	3941f261 	ldrb	w1, [x19, #124]
    20003728:	52800042 	mov	w2, #0x2                   	// #2
    2000372c:	3901f262 	strb	w2, [x19, #124]
    20003730:	12001c21 	and	w1, w1, #0xff
    20003734:	b9407a63 	ldr	w3, [x19, #120]
    20003738:	11000463 	add	w3, w3, #0x1
    2000373c:	b9007a63 	str	w3, [x19, #120]
    20003740:	7100043f 	cmp	w1, #0x1
    20003744:	540003a1 	b.ne	200037b8 <vTaskGenericNotifyGiveFromISR+0xb8>  // b.any
    20003748:	f9402a61 	ldr	x1, [x19, #80]
    2000374c:	b50008e1 	cbnz	x1, 20003868 <vTaskGenericNotifyGiveFromISR+0x168>
    20003750:	b0000021 	adrp	x1, 20008000 <cached_request+0x90>
    20003754:	9114a021 	add	x1, x1, #0x528
    20003758:	f9402e67 	ldr	x7, [x19, #88]
    2000375c:	f940d022 	ldr	x2, [x1, #416]
    20003760:	b4000322 	cbz	x2, 200037c4 <vTaskGenericNotifyGiveFromISR+0xc4>
    20003764:	f940b024 	ldr	x4, [x1, #352]
    20003768:	9100c265 	add	x5, x19, #0x30
    2000376c:	f940b423 	ldr	x3, [x1, #360]
    20003770:	91000484 	add	x4, x4, #0x1
    20003774:	f900b024 	str	x4, [x1, #352]
    20003778:	91058022 	add	x2, x1, #0x160
    2000377c:	f9400864 	ldr	x4, [x3, #16]
    20003780:	a9039263 	stp	x3, x4, [x19, #56]
    20003784:	f9400864 	ldr	x4, [x3, #16]
    20003788:	f9000485 	str	x5, [x4, #8]
    2000378c:	f9000865 	str	x5, [x3, #16]
    20003790:	f9002a62 	str	x2, [x19, #80]
    20003794:	f9406822 	ldr	x2, [x1, #208]
    20003798:	f9402c42 	ldr	x2, [x2, #88]
    2000379c:	eb07005f 	cmp	x2, x7
    200037a0:	540000c2 	b.cs	200037b8 <vTaskGenericNotifyGiveFromISR+0xb8>  // b.hs, b.nlast
    200037a4:	b4000074 	cbz	x20, 200037b0 <vTaskGenericNotifyGiveFromISR+0xb0>
    200037a8:	d2800022 	mov	x2, #0x1                   	// #1
    200037ac:	f9000282 	str	x2, [x20]
    200037b0:	d2800022 	mov	x2, #0x1                   	// #1
    200037b4:	f9008022 	str	x2, [x1, #256]
    200037b8:	a94153f3 	ldp	x19, x20, [sp, #16]
    200037bc:	a8c27bfd 	ldp	x29, x30, [sp], #32
    200037c0:	14000a80 	b	200061c0 <vPortClearInterruptMask>
    200037c4:	f9401664 	ldr	x4, [x19, #40]
    200037c8:	91002265 	add	x5, x19, #0x8
    200037cc:	a9410e62 	ldp	x2, x3, [x19, #16]
    200037d0:	f9400486 	ldr	x6, [x4, #8]
    200037d4:	f9000843 	str	x3, [x2, #16]
    200037d8:	f9400e63 	ldr	x3, [x19, #24]
    200037dc:	f9000462 	str	x2, [x3, #8]
    200037e0:	eb0500df 	cmp	x6, x5
    200037e4:	540002e0 	b.eq	20003840 <vTaskGenericNotifyGiveFromISR+0x140>  // b.none
    200037e8:	8b0708e2 	add	x2, x7, x7, lsl #2
    200037ec:	d2800023 	mov	x3, #0x1                   	// #1
    200037f0:	f9400086 	ldr	x6, [x4]
    200037f4:	d37df042 	lsl	x2, x2, #3
    200037f8:	8b020028 	add	x8, x1, x2
    200037fc:	9ac72063 	lsl	x3, x3, x7
    20003800:	d10004c6 	sub	x6, x6, #0x1
    20003804:	f9000086 	str	x6, [x4]
    20003808:	f9400504 	ldr	x4, [x8, #8]
    2000380c:	f9406c26 	ldr	x6, [x1, #216]
    20003810:	f9400889 	ldr	x9, [x4, #16]
    20003814:	aa060063 	orr	x3, x3, x6
    20003818:	f9006c23 	str	x3, [x1, #216]
    2000381c:	f8626823 	ldr	x3, [x1, x2]
    20003820:	a9012664 	stp	x4, x9, [x19, #16]
    20003824:	f9400886 	ldr	x6, [x4, #16]
    20003828:	91000463 	add	x3, x3, #0x1
    2000382c:	f90004c5 	str	x5, [x6, #8]
    20003830:	f9000885 	str	x5, [x4, #16]
    20003834:	f9001668 	str	x8, [x19, #40]
    20003838:	f8226823 	str	x3, [x1, x2]
    2000383c:	17ffffd6 	b	20003794 <vTaskGenericNotifyGiveFromISR+0x94>
    20003840:	f9000483 	str	x3, [x4, #8]
    20003844:	17ffffe9 	b	200037e8 <vTaskGenericNotifyGiveFromISR+0xe8>
    20003848:	f0000000 	adrp	x0, 20006000 <xPortStartScheduler+0x40>
    2000384c:	52828001 	mov	w1, #0x1400                	// #5120
    20003850:	9125a000 	add	x0, x0, #0x968
    20003854:	97fff64f 	bl	20001190 <amp_assert_failed>
    20003858:	f0000000 	adrp	x0, 20006000 <xPortStartScheduler+0x40>
    2000385c:	52827fe1 	mov	w1, #0x13ff                	// #5119
    20003860:	9125a000 	add	x0, x0, #0x968
    20003864:	97fff64b 	bl	20001190 <amp_assert_failed>
    20003868:	f0000000 	adrp	x0, 20006000 <xPortStartScheduler+0x40>
    2000386c:	528284c1 	mov	w1, #0x1426                	// #5158
    20003870:	9125a000 	add	x0, x0, #0x968
    20003874:	97fff647 	bl	20001190 <amp_assert_failed>
    20003878:	d503201f 	nop
    2000387c:	d503201f 	nop

0000000020003880 <xTaskGenericNotifyStateClear>:
    20003880:	a9be7bfd 	stp	x29, x30, [sp, #-32]!
    20003884:	910003fd 	mov	x29, sp
    20003888:	a90153f3 	stp	x19, x20, [sp, #16]
    2000388c:	b5000281 	cbnz	x1, 200038dc <xTaskGenericNotifyStateClear+0x5c>
    20003890:	aa0003f3 	mov	x19, x0
    20003894:	b40001c0 	cbz	x0, 200038cc <xTaskGenericNotifyStateClear+0x4c>
    20003898:	940009ea 	bl	20006040 <vPortEnterCritical>
    2000389c:	d2800014 	mov	x20, #0x0                   	// #0
    200038a0:	3941f261 	ldrb	w1, [x19, #124]
    200038a4:	12001c21 	and	w1, w1, #0xff
    200038a8:	7100083f 	cmp	w1, #0x2
    200038ac:	54000061 	b.ne	200038b8 <xTaskGenericNotifyStateClear+0x38>  // b.any
    200038b0:	d2800034 	mov	x20, #0x1                   	// #1
    200038b4:	3901f27f 	strb	wzr, [x19, #124]
    200038b8:	94000a02 	bl	200060c0 <vPortExitCritical>
    200038bc:	aa1403e0 	mov	x0, x20
    200038c0:	a94153f3 	ldp	x19, x20, [sp, #16]
    200038c4:	a8c27bfd 	ldp	x29, x30, [sp], #32
    200038c8:	d65f03c0 	ret
    200038cc:	b0000020 	adrp	x0, 20008000 <cached_request+0x90>
    200038d0:	9114a000 	add	x0, x0, #0x528
    200038d4:	f9406813 	ldr	x19, [x0, #208]
    200038d8:	17fffff0 	b	20003898 <xTaskGenericNotifyStateClear+0x18>
    200038dc:	f0000000 	adrp	x0, 20006000 <xPortStartScheduler+0x40>
    200038e0:	52828ac1 	mov	w1, #0x1456                	// #5206
    200038e4:	9125a000 	add	x0, x0, #0x968
    200038e8:	97fff62a 	bl	20001190 <amp_assert_failed>
    200038ec:	d503201f 	nop

00000000200038f0 <ulTaskGenericNotifyValueClear>:
    200038f0:	a9bd7bfd 	stp	x29, x30, [sp, #-48]!
    200038f4:	910003fd 	mov	x29, sp
    200038f8:	a90153f3 	stp	x19, x20, [sp, #16]
    200038fc:	aa0103f3 	mov	x19, x1
    20003900:	2a0203f4 	mov	w20, w2
    20003904:	f90013f5 	str	x21, [sp, #32]
    20003908:	aa0003f5 	mov	x21, x0
    2000390c:	b40001a0 	cbz	x0, 20003940 <ulTaskGenericNotifyValueClear+0x50>
    20003910:	940009cc 	bl	20006040 <vPortEnterCritical>
    20003914:	8b130aa1 	add	x1, x21, x19, lsl #2
    20003918:	b9407833 	ldr	w19, [x1, #120]
    2000391c:	b9407822 	ldr	w2, [x1, #120]
    20003920:	0a340054 	bic	w20, w2, w20
    20003924:	b9007834 	str	w20, [x1, #120]
    20003928:	940009e6 	bl	200060c0 <vPortExitCritical>
    2000392c:	2a1303e0 	mov	w0, w19
    20003930:	a94153f3 	ldp	x19, x20, [sp, #16]
    20003934:	f94013f5 	ldr	x21, [sp, #32]
    20003938:	a8c37bfd 	ldp	x29, x30, [sp], #48
    2000393c:	d65f03c0 	ret
    20003940:	b0000020 	adrp	x0, 20008000 <cached_request+0x90>
    20003944:	9114a000 	add	x0, x0, #0x528
    20003948:	f9406815 	ldr	x21, [x0, #208]
    2000394c:	17fffff1 	b	20003910 <ulTaskGenericNotifyValueClear+0x20>

0000000020003950 <prvCopyDataToQueue>:
    20003950:	a9bd7bfd 	stp	x29, x30, [sp, #-48]!
    20003954:	910003fd 	mov	x29, sp
    20003958:	a90153f3 	stp	x19, x20, [sp, #16]
    2000395c:	aa0003f3 	mov	x19, x0
    20003960:	f9403814 	ldr	x20, [x0, #112]
    20003964:	f90013f5 	str	x21, [sp, #32]
    20003968:	aa0203f5 	mov	x21, x2
    2000396c:	f9404002 	ldr	x2, [x0, #128]
    20003970:	b4000442 	cbz	x2, 200039f8 <prvCopyDataToQueue+0xa8>
    20003974:	b5000255 	cbnz	x21, 200039bc <prvCopyDataToQueue+0x6c>
    20003978:	f9400400 	ldr	x0, [x0, #8]
    2000397c:	91000694 	add	x20, x20, #0x1
    20003980:	97fff95c 	bl	20001ef0 <memcpy>
    20003984:	a9408660 	ldp	x0, x1, [x19, #8]
    20003988:	f9404262 	ldr	x2, [x19, #128]
    2000398c:	8b020000 	add	x0, x0, x2
    20003990:	f9000660 	str	x0, [x19, #8]
    20003994:	eb01001f 	cmp	x0, x1
    20003998:	54000323 	b.cc	200039fc <prvCopyDataToQueue+0xac>  // b.lo, b.ul, b.last
    2000399c:	f9400260 	ldr	x0, [x19]
    200039a0:	f9000660 	str	x0, [x19, #8]
    200039a4:	f94013f5 	ldr	x21, [sp, #32]
    200039a8:	f9003a74 	str	x20, [x19, #112]
    200039ac:	d2800000 	mov	x0, #0x0                   	// #0
    200039b0:	a94153f3 	ldp	x19, x20, [sp, #16]
    200039b4:	a8c37bfd 	ldp	x29, x30, [sp], #48
    200039b8:	d65f03c0 	ret
    200039bc:	f9400c00 	ldr	x0, [x0, #24]
    200039c0:	97fff94c 	bl	20001ef0 <memcpy>
    200039c4:	f9400e60 	ldr	x0, [x19, #24]
    200039c8:	f9404261 	ldr	x1, [x19, #128]
    200039cc:	f9400262 	ldr	x2, [x19]
    200039d0:	cb010000 	sub	x0, x0, x1
    200039d4:	f9000e60 	str	x0, [x19, #24]
    200039d8:	cb0103e1 	neg	x1, x1
    200039dc:	eb02001f 	cmp	x0, x2
    200039e0:	54000082 	b.cs	200039f0 <prvCopyDataToQueue+0xa0>  // b.hs, b.nlast
    200039e4:	f9400a60 	ldr	x0, [x19, #16]
    200039e8:	8b010001 	add	x1, x0, x1
    200039ec:	f9000e61 	str	x1, [x19, #24]
    200039f0:	f1000abf 	cmp	x21, #0x2
    200039f4:	54000100 	b.eq	20003a14 <prvCopyDataToQueue+0xc4>  // b.none
    200039f8:	91000694 	add	x20, x20, #0x1
    200039fc:	f94013f5 	ldr	x21, [sp, #32]
    20003a00:	f9003a74 	str	x20, [x19, #112]
    20003a04:	d2800000 	mov	x0, #0x0                   	// #0
    20003a08:	a94153f3 	ldp	x19, x20, [sp, #16]
    20003a0c:	a8c37bfd 	ldp	x29, x30, [sp], #48
    20003a10:	d65f03c0 	ret
    20003a14:	f100029f 	cmp	x20, #0x0
    20003a18:	9a9f1694 	csinc	x20, x20, xzr, ne  // ne = any
    20003a1c:	17fffff8 	b	200039fc <prvCopyDataToQueue+0xac>

0000000020003a20 <prvUnlockQueue>:
    20003a20:	a9bd7bfd 	stp	x29, x30, [sp, #-48]!
    20003a24:	910003fd 	mov	x29, sp
    20003a28:	a90153f3 	stp	x19, x20, [sp, #16]
    20003a2c:	aa0003f3 	mov	x19, x0
    20003a30:	f90013f5 	str	x21, [sp, #32]
    20003a34:	94000983 	bl	20006040 <vPortEnterCritical>
    20003a38:	39422674 	ldrb	w20, [x19, #137]
    20003a3c:	13001e94 	sxtb	w20, w20
    20003a40:	7100029f 	cmp	w20, #0x0
    20003a44:	5400022d 	b.le	20003a88 <prvUnlockQueue+0x68>
    20003a48:	91012275 	add	x21, x19, #0x48
    20003a4c:	14000005 	b	20003a60 <prvUnlockQueue+0x40>
    20003a50:	51000680 	sub	w0, w20, #0x1
    20003a54:	13001c14 	sxtb	w20, w0
    20003a58:	72001c1f 	tst	w0, #0xff
    20003a5c:	54000160 	b.eq	20003a88 <prvUnlockQueue+0x68>  // b.none
    20003a60:	f9402661 	ldr	x1, [x19, #72]
    20003a64:	aa1503e0 	mov	x0, x21
    20003a68:	b4000101 	cbz	x1, 20003a88 <prvUnlockQueue+0x68>
    20003a6c:	97fffca9 	bl	20002d10 <xTaskRemoveFromEventList>
    20003a70:	b4ffff00 	cbz	x0, 20003a50 <prvUnlockQueue+0x30>
    20003a74:	97fffd97 	bl	200030d0 <vTaskMissedYield>
    20003a78:	51000680 	sub	w0, w20, #0x1
    20003a7c:	13001c14 	sxtb	w20, w0
    20003a80:	72001c1f 	tst	w0, #0xff
    20003a84:	54fffee1 	b.ne	20003a60 <prvUnlockQueue+0x40>  // b.any
    20003a88:	12800000 	mov	w0, #0xffffffff            	// #-1
    20003a8c:	39022660 	strb	w0, [x19, #137]
    20003a90:	9400098c 	bl	200060c0 <vPortExitCritical>
    20003a94:	9400096b 	bl	20006040 <vPortEnterCritical>
    20003a98:	39422274 	ldrb	w20, [x19, #136]
    20003a9c:	13001e94 	sxtb	w20, w20
    20003aa0:	7100029f 	cmp	w20, #0x0
    20003aa4:	5400022d 	b.le	20003ae8 <prvUnlockQueue+0xc8>
    20003aa8:	91008275 	add	x21, x19, #0x20
    20003aac:	14000005 	b	20003ac0 <prvUnlockQueue+0xa0>
    20003ab0:	51000680 	sub	w0, w20, #0x1
    20003ab4:	13001c14 	sxtb	w20, w0
    20003ab8:	72001c1f 	tst	w0, #0xff
    20003abc:	54000160 	b.eq	20003ae8 <prvUnlockQueue+0xc8>  // b.none
    20003ac0:	f9401261 	ldr	x1, [x19, #32]
    20003ac4:	aa1503e0 	mov	x0, x21
    20003ac8:	b4000101 	cbz	x1, 20003ae8 <prvUnlockQueue+0xc8>
    20003acc:	97fffc91 	bl	20002d10 <xTaskRemoveFromEventList>
    20003ad0:	b4ffff00 	cbz	x0, 20003ab0 <prvUnlockQueue+0x90>
    20003ad4:	97fffd7f 	bl	200030d0 <vTaskMissedYield>
    20003ad8:	51000680 	sub	w0, w20, #0x1
    20003adc:	13001c14 	sxtb	w20, w0
    20003ae0:	72001c1f 	tst	w0, #0xff
    20003ae4:	54fffee1 	b.ne	20003ac0 <prvUnlockQueue+0xa0>  // b.any
    20003ae8:	12800000 	mov	w0, #0xffffffff            	// #-1
    20003aec:	39022260 	strb	w0, [x19, #136]
    20003af0:	a94153f3 	ldp	x19, x20, [sp, #16]
    20003af4:	f94013f5 	ldr	x21, [sp, #32]
    20003af8:	a8c37bfd 	ldp	x29, x30, [sp], #48
    20003afc:	14000971 	b	200060c0 <vPortExitCritical>

0000000020003b00 <xQueueGenericReset>:
    20003b00:	a9be7bfd 	stp	x29, x30, [sp, #-32]!
    20003b04:	910003fd 	mov	x29, sp
    20003b08:	a90153f3 	stp	x19, x20, [sp, #16]
    20003b0c:	b4000640 	cbz	x0, 20003bd4 <xQueueGenericReset+0xd4>
    20003b10:	aa0003f3 	mov	x19, x0
    20003b14:	f9403c00 	ldr	x0, [x0, #120]
    20003b18:	b4000560 	cbz	x0, 20003bc4 <xQueueGenericReset+0xc4>
    20003b1c:	aa0103f4 	mov	x20, x1
    20003b20:	f9404261 	ldr	x1, [x19, #128]
    20003b24:	9bc17c00 	umulh	x0, x0, x1
    20003b28:	b50004e0 	cbnz	x0, 20003bc4 <xQueueGenericReset+0xc4>
    20003b2c:	94000945 	bl	20006040 <vPortEnterCritical>
    20003b30:	f9003a7f 	str	xzr, [x19, #112]
    20003b34:	a9478e60 	ldp	x0, x3, [x19, #120]
    20003b38:	12800004 	mov	w4, #0xffffffff            	// #-1
    20003b3c:	f9400262 	ldr	x2, [x19]
    20003b40:	39022264 	strb	w4, [x19, #136]
    20003b44:	39022664 	strb	w4, [x19, #137]
    20003b48:	d1000401 	sub	x1, x0, #0x1
    20003b4c:	9b030800 	madd	x0, x0, x3, x2
    20003b50:	a9008262 	stp	x2, x0, [x19, #8]
    20003b54:	9b030821 	madd	x1, x1, x3, x2
    20003b58:	f9000e61 	str	x1, [x19, #24]
    20003b5c:	b5000234 	cbnz	x20, 20003ba0 <xQueueGenericReset+0xa0>
    20003b60:	f9401260 	ldr	x0, [x19, #32]
    20003b64:	b50000c0 	cbnz	x0, 20003b7c <xQueueGenericReset+0x7c>
    20003b68:	94000956 	bl	200060c0 <vPortExitCritical>
    20003b6c:	d2800020 	mov	x0, #0x1                   	// #1
    20003b70:	a94153f3 	ldp	x19, x20, [sp, #16]
    20003b74:	a8c27bfd 	ldp	x29, x30, [sp], #32
    20003b78:	d65f03c0 	ret
    20003b7c:	91008260 	add	x0, x19, #0x20
    20003b80:	97fffc64 	bl	20002d10 <xTaskRemoveFromEventList>
    20003b84:	b4ffff20 	cbz	x0, 20003b68 <xQueueGenericReset+0x68>
    20003b88:	d4000001 	svc	#0x0
    20003b8c:	9400094d 	bl	200060c0 <vPortExitCritical>
    20003b90:	d2800020 	mov	x0, #0x1                   	// #1
    20003b94:	a94153f3 	ldp	x19, x20, [sp, #16]
    20003b98:	a8c27bfd 	ldp	x29, x30, [sp], #32
    20003b9c:	d65f03c0 	ret
    20003ba0:	91008260 	add	x0, x19, #0x20
    20003ba4:	940003a7 	bl	20004a40 <vListInitialise>
    20003ba8:	91012260 	add	x0, x19, #0x48
    20003bac:	940003a5 	bl	20004a40 <vListInitialise>
    20003bb0:	94000944 	bl	200060c0 <vPortExitCritical>
    20003bb4:	d2800020 	mov	x0, #0x1                   	// #1
    20003bb8:	a94153f3 	ldp	x19, x20, [sp, #16]
    20003bbc:	a8c27bfd 	ldp	x29, x30, [sp], #32
    20003bc0:	d65f03c0 	ret
    20003bc4:	f0000000 	adrp	x0, 20006000 <xPortStartScheduler+0x40>
    20003bc8:	52802c61 	mov	w1, #0x163                 	// #355
    20003bcc:	91266000 	add	x0, x0, #0x998
    20003bd0:	97fff570 	bl	20001190 <amp_assert_failed>
    20003bd4:	f0000000 	adrp	x0, 20006000 <xPortStartScheduler+0x40>
    20003bd8:	528025c1 	mov	w1, #0x12e                 	// #302
    20003bdc:	91266000 	add	x0, x0, #0x998
    20003be0:	97fff56c 	bl	20001190 <amp_assert_failed>

0000000020003be4 <xQueueGenericCreate>:
    20003be4:	a9bd7bfd 	stp	x29, x30, [sp, #-48]!
    20003be8:	910003fd 	mov	x29, sp
    20003bec:	a90153f3 	stp	x19, x20, [sp, #16]
    20003bf0:	f90013f5 	str	x21, [sp, #32]
    20003bf4:	b4000300 	cbz	x0, 20003c54 <xQueueGenericCreate+0x70>
    20003bf8:	aa0003f4 	mov	x20, x0
    20003bfc:	9bc07c20 	umulh	x0, x1, x0
    20003c00:	aa0103f5 	mov	x21, x1
    20003c04:	b5000280 	cbnz	x0, 20003c54 <xQueueGenericCreate+0x70>
    20003c08:	9b017e80 	mul	x0, x20, x1
    20003c0c:	b102441f 	cmn	x0, #0x91
    20003c10:	54000228 	b.hi	20003c54 <xQueueGenericCreate+0x70>  // b.pmore
    20003c14:	91024000 	add	x0, x0, #0x90
    20003c18:	940003ef 	bl	20004bd4 <pvPortMalloc>
    20003c1c:	aa0003f3 	mov	x19, x0
    20003c20:	b4000100 	cbz	x0, 20003c40 <xQueueGenericCreate+0x5c>
    20003c24:	f10002bf 	cmp	x21, #0x0
    20003c28:	91024001 	add	x1, x0, #0x90
    20003c2c:	9a801021 	csel	x1, x1, x0, ne  // ne = any
    20003c30:	f9000001 	str	x1, [x0]
    20003c34:	a907d414 	stp	x20, x21, [x0, #120]
    20003c38:	d2800021 	mov	x1, #0x1                   	// #1
    20003c3c:	97ffffb1 	bl	20003b00 <xQueueGenericReset>
    20003c40:	aa1303e0 	mov	x0, x19
    20003c44:	a94153f3 	ldp	x19, x20, [sp, #16]
    20003c48:	f94013f5 	ldr	x21, [sp, #32]
    20003c4c:	a8c37bfd 	ldp	x29, x30, [sp], #48
    20003c50:	d65f03c0 	ret
    20003c54:	f0000000 	adrp	x0, 20006000 <xPortStartScheduler+0x40>
    20003c58:	52803c81 	mov	w1, #0x1e4                 	// #484
    20003c5c:	91266000 	add	x0, x0, #0x998
    20003c60:	97fff54c 	bl	20001190 <amp_assert_failed>

0000000020003c64 <xQueueGenericSend>:
    20003c64:	a9ba7bfd 	stp	x29, x30, [sp, #-96]!
    20003c68:	910003fd 	mov	x29, sp
    20003c6c:	a90153f3 	stp	x19, x20, [sp, #16]
    20003c70:	a9025bf5 	stp	x21, x22, [sp, #32]
    20003c74:	f9001bf7 	str	x23, [sp, #48]
    20003c78:	f90027e2 	str	x2, [sp, #72]
    20003c7c:	b4000ec0 	cbz	x0, 20003e54 <xQueueGenericSend+0x1f0>
    20003c80:	aa0003f3 	mov	x19, x0
    20003c84:	aa0103f4 	mov	x20, x1
    20003c88:	aa0303f5 	mov	x21, x3
    20003c8c:	b4000b81 	cbz	x1, 20003dfc <xQueueGenericSend+0x198>
    20003c90:	91008276 	add	x22, x19, #0x20
    20003c94:	d2800017 	mov	x23, #0x0                   	// #0
    20003c98:	f1000abf 	cmp	x21, #0x2
    20003c9c:	54000980 	b.eq	20003dcc <xQueueGenericSend+0x168>  // b.none
    20003ca0:	940008e8 	bl	20006040 <vPortEnterCritical>
    20003ca4:	f9403a64 	ldr	x4, [x19, #112]
    20003ca8:	f9403e60 	ldr	x0, [x19, #120]
    20003cac:	eb00009f 	cmp	x4, x0
    20003cb0:	540004c3 	b.cc	20003d48 <xQueueGenericSend+0xe4>  // b.lo, b.ul, b.last
    20003cb4:	d503201f 	nop
    20003cb8:	f94027e0 	ldr	x0, [sp, #72]
    20003cbc:	b4000ac0 	cbz	x0, 20003e14 <xQueueGenericSend+0x1b0>
    20003cc0:	b4000777 	cbz	x23, 20003dac <xQueueGenericSend+0x148>
    20003cc4:	940008ff 	bl	200060c0 <vPortExitCritical>
    20003cc8:	97fffa8a 	bl	200026f0 <vTaskSuspendAll>
    20003ccc:	940008dd 	bl	20006040 <vPortEnterCritical>
    20003cd0:	39422260 	ldrb	w0, [x19, #136]
    20003cd4:	13001c00 	sxtb	w0, w0
    20003cd8:	3100041f 	cmn	w0, #0x1
    20003cdc:	54000041 	b.ne	20003ce4 <xQueueGenericSend+0x80>  // b.any
    20003ce0:	3902227f 	strb	wzr, [x19, #136]
    20003ce4:	39422660 	ldrb	w0, [x19, #137]
    20003ce8:	13001c00 	sxtb	w0, w0
    20003cec:	3100041f 	cmn	w0, #0x1
    20003cf0:	54000041 	b.ne	20003cf8 <xQueueGenericSend+0x94>  // b.any
    20003cf4:	3902267f 	strb	wzr, [x19, #137]
    20003cf8:	940008f2 	bl	200060c0 <vPortExitCritical>
    20003cfc:	910123e1 	add	x1, sp, #0x48
    20003d00:	910143e0 	add	x0, sp, #0x50
    20003d04:	97fffcbf 	bl	20003000 <xTaskCheckForTimeOut>
    20003d08:	b5000940 	cbnz	x0, 20003e30 <xQueueGenericSend+0x1cc>
    20003d0c:	940008cd 	bl	20006040 <vPortEnterCritical>
    20003d10:	f9403a61 	ldr	x1, [x19, #112]
    20003d14:	f9403e60 	ldr	x0, [x19, #120]
    20003d18:	eb00003f 	cmp	x1, x0
    20003d1c:	54000320 	b.eq	20003d80 <xQueueGenericSend+0x11c>  // b.none
    20003d20:	940008e8 	bl	200060c0 <vPortExitCritical>
    20003d24:	aa1303e0 	mov	x0, x19
    20003d28:	97ffff3e 	bl	20003a20 <prvUnlockQueue>
    20003d2c:	97fffa79 	bl	20002710 <xTaskResumeAll>
    20003d30:	d2800037 	mov	x23, #0x1                   	// #1
    20003d34:	940008c3 	bl	20006040 <vPortEnterCritical>
    20003d38:	f9403a64 	ldr	x4, [x19, #112]
    20003d3c:	f9403e60 	ldr	x0, [x19, #120]
    20003d40:	eb00009f 	cmp	x4, x0
    20003d44:	54fffba2 	b.cs	20003cb8 <xQueueGenericSend+0x54>  // b.hs, b.nlast
    20003d48:	aa1403e1 	mov	x1, x20
    20003d4c:	aa1503e2 	mov	x2, x21
    20003d50:	aa1303e0 	mov	x0, x19
    20003d54:	97fffeff 	bl	20003950 <prvCopyDataToQueue>
    20003d58:	f9402661 	ldr	x1, [x19, #72]
    20003d5c:	b50002e1 	cbnz	x1, 20003db8 <xQueueGenericSend+0x154>
    20003d60:	b5000320 	cbnz	x0, 20003dc4 <xQueueGenericSend+0x160>
    20003d64:	940008d7 	bl	200060c0 <vPortExitCritical>
    20003d68:	d2800020 	mov	x0, #0x1                   	// #1
    20003d6c:	a94153f3 	ldp	x19, x20, [sp, #16]
    20003d70:	a9425bf5 	ldp	x21, x22, [sp, #32]
    20003d74:	f9401bf7 	ldr	x23, [sp, #48]
    20003d78:	a8c67bfd 	ldp	x29, x30, [sp], #96
    20003d7c:	d65f03c0 	ret
    20003d80:	940008d0 	bl	200060c0 <vPortExitCritical>
    20003d84:	f94027e1 	ldr	x1, [sp, #72]
    20003d88:	aa1603e0 	mov	x0, x22
    20003d8c:	97fffba5 	bl	20002c20 <vTaskPlaceOnEventList>
    20003d90:	aa1303e0 	mov	x0, x19
    20003d94:	97ffff23 	bl	20003a20 <prvUnlockQueue>
    20003d98:	97fffa5e 	bl	20002710 <xTaskResumeAll>
    20003d9c:	b5fffca0 	cbnz	x0, 20003d30 <xQueueGenericSend+0xcc>
    20003da0:	d4000001 	svc	#0x0
    20003da4:	d2800037 	mov	x23, #0x1                   	// #1
    20003da8:	17ffffe3 	b	20003d34 <xQueueGenericSend+0xd0>
    20003dac:	910143e0 	add	x0, sp, #0x50
    20003db0:	97fffc8c 	bl	20002fe0 <vTaskInternalSetTimeOutState>
    20003db4:	17ffffc4 	b	20003cc4 <xQueueGenericSend+0x60>
    20003db8:	91012260 	add	x0, x19, #0x48
    20003dbc:	97fffbd5 	bl	20002d10 <xTaskRemoveFromEventList>
    20003dc0:	b4fffd20 	cbz	x0, 20003d64 <xQueueGenericSend+0x100>
    20003dc4:	d4000001 	svc	#0x0
    20003dc8:	17ffffe7 	b	20003d64 <xQueueGenericSend+0x100>
    20003dcc:	f9403e60 	ldr	x0, [x19, #120]
    20003dd0:	f100041f 	cmp	x0, #0x1
    20003dd4:	54000481 	b.ne	20003e64 <xQueueGenericSend+0x200>  // b.any
    20003dd8:	9400089a 	bl	20006040 <vPortEnterCritical>
    20003ddc:	f9403a60 	ldr	x0, [x19, #112]
    20003de0:	aa1403e1 	mov	x1, x20
    20003de4:	aa1503e2 	mov	x2, x21
    20003de8:	aa1303e0 	mov	x0, x19
    20003dec:	97fffed9 	bl	20003950 <prvCopyDataToQueue>
    20003df0:	f9402661 	ldr	x1, [x19, #72]
    20003df4:	b4fffb61 	cbz	x1, 20003d60 <xQueueGenericSend+0xfc>
    20003df8:	17fffff0 	b	20003db8 <xQueueGenericSend+0x154>
    20003dfc:	f9404000 	ldr	x0, [x0, #128]
    20003e00:	b4fff480 	cbz	x0, 20003c90 <xQueueGenericSend+0x2c>
    20003e04:	f0000000 	adrp	x0, 20006000 <xPortStartScheduler+0x40>
    20003e08:	528069a1 	mov	w1, #0x34d                 	// #845
    20003e0c:	91266000 	add	x0, x0, #0x998
    20003e10:	97fff4e0 	bl	20001190 <amp_assert_failed>
    20003e14:	940008ab 	bl	200060c0 <vPortExitCritical>
    20003e18:	d2800000 	mov	x0, #0x0                   	// #0
    20003e1c:	a94153f3 	ldp	x19, x20, [sp, #16]
    20003e20:	a9425bf5 	ldp	x21, x22, [sp, #32]
    20003e24:	f9401bf7 	ldr	x23, [sp, #48]
    20003e28:	a8c67bfd 	ldp	x29, x30, [sp], #96
    20003e2c:	d65f03c0 	ret
    20003e30:	aa1303e0 	mov	x0, x19
    20003e34:	97fffefb 	bl	20003a20 <prvUnlockQueue>
    20003e38:	97fffa36 	bl	20002710 <xTaskResumeAll>
    20003e3c:	d2800000 	mov	x0, #0x0                   	// #0
    20003e40:	a94153f3 	ldp	x19, x20, [sp, #16]
    20003e44:	a9425bf5 	ldp	x21, x22, [sp, #32]
    20003e48:	f9401bf7 	ldr	x23, [sp, #48]
    20003e4c:	a8c67bfd 	ldp	x29, x30, [sp], #96
    20003e50:	d65f03c0 	ret
    20003e54:	f0000000 	adrp	x0, 20006000 <xPortStartScheduler+0x40>
    20003e58:	52806981 	mov	w1, #0x34c                 	// #844
    20003e5c:	91266000 	add	x0, x0, #0x998
    20003e60:	97fff4cc 	bl	20001190 <amp_assert_failed>
    20003e64:	f0000000 	adrp	x0, 20006000 <xPortStartScheduler+0x40>
    20003e68:	528069c1 	mov	w1, #0x34e                 	// #846
    20003e6c:	91266000 	add	x0, x0, #0x998
    20003e70:	97fff4c8 	bl	20001190 <amp_assert_failed>

0000000020003e74 <xQueueGenericSendFromISR>:
    20003e74:	a9bc7bfd 	stp	x29, x30, [sp, #-64]!
    20003e78:	910003fd 	mov	x29, sp
    20003e7c:	a90153f3 	stp	x19, x20, [sp, #16]
    20003e80:	a9025bf5 	stp	x21, x22, [sp, #32]
    20003e84:	a90363f7 	stp	x23, x24, [sp, #48]
    20003e88:	b4000b40 	cbz	x0, 20003ff0 <xQueueGenericSendFromISR+0x17c>
    20003e8c:	aa0003f3 	mov	x19, x0
    20003e90:	aa0103f4 	mov	x20, x1
    20003e94:	aa0203f8 	mov	x24, x2
    20003e98:	aa0303f5 	mov	x21, x3
    20003e9c:	b40007e1 	cbz	x1, 20003f98 <xQueueGenericSendFromISR+0x124>
    20003ea0:	f1000abf 	cmp	x21, #0x2
    20003ea4:	540005a1 	b.ne	20003f58 <xQueueGenericSendFromISR+0xe4>  // b.any
    20003ea8:	f9403e60 	ldr	x0, [x19, #120]
    20003eac:	f100041f 	cmp	x0, #0x1
    20003eb0:	54000a81 	b.ne	20004000 <xQueueGenericSendFromISR+0x18c>  // b.any
    20003eb4:	940008df 	bl	20006230 <vPortValidateInterruptPriority>
    20003eb8:	940008ce 	bl	200061f0 <uxPortSetInterruptMask>
    20003ebc:	aa0003f6 	mov	x22, x0
    20003ec0:	f9403a60 	ldr	x0, [x19, #112]
    20003ec4:	aa1403e1 	mov	x1, x20
    20003ec8:	39422677 	ldrb	w23, [x19, #137]
    20003ecc:	aa1503e2 	mov	x2, x21
    20003ed0:	f9403a63 	ldr	x3, [x19, #112]
    20003ed4:	aa1303e0 	mov	x0, x19
    20003ed8:	13001ef4 	sxtb	w20, w23
    20003edc:	97fffe9d 	bl	20003950 <prvCopyDataToQueue>
    20003ee0:	3100069f 	cmn	w20, #0x1
    20003ee4:	54000181 	b.ne	20003f14 <xQueueGenericSendFromISR+0xa0>  // b.any
    20003ee8:	f9402660 	ldr	x0, [x19, #72]
    20003eec:	d2800034 	mov	x20, #0x1                   	// #1
    20003ef0:	b5000720 	cbnz	x0, 20003fd4 <xQueueGenericSendFromISR+0x160>
    20003ef4:	aa1603e0 	mov	x0, x22
    20003ef8:	940008b2 	bl	200061c0 <vPortClearInterruptMask>
    20003efc:	aa1403e0 	mov	x0, x20
    20003f00:	a94153f3 	ldp	x19, x20, [sp, #16]
    20003f04:	a9425bf5 	ldp	x21, x22, [sp, #32]
    20003f08:	a94363f7 	ldp	x23, x24, [sp, #48]
    20003f0c:	a8c47bfd 	ldp	x29, x30, [sp], #64
    20003f10:	d65f03c0 	ret
    20003f14:	97fffacf 	bl	20002a50 <uxTaskGetNumberOfTasks>
    20003f18:	eb37801f 	cmp	x0, w23, sxtb
    20003f1c:	540004a9 	b.ls	20003fb0 <xQueueGenericSendFromISR+0x13c>  // b.plast
    20003f20:	7101fe9f 	cmp	w20, #0x7f
    20003f24:	54000760 	b.eq	20004010 <xQueueGenericSendFromISR+0x19c>  // b.none
    20003f28:	110006f7 	add	w23, w23, #0x1
    20003f2c:	aa1603e0 	mov	x0, x22
    20003f30:	d2800034 	mov	x20, #0x1                   	// #1
    20003f34:	13001ef7 	sxtb	w23, w23
    20003f38:	39022677 	strb	w23, [x19, #137]
    20003f3c:	940008a1 	bl	200061c0 <vPortClearInterruptMask>
    20003f40:	aa1403e0 	mov	x0, x20
    20003f44:	a94153f3 	ldp	x19, x20, [sp, #16]
    20003f48:	a9425bf5 	ldp	x21, x22, [sp, #32]
    20003f4c:	a94363f7 	ldp	x23, x24, [sp, #48]
    20003f50:	a8c47bfd 	ldp	x29, x30, [sp], #64
    20003f54:	d65f03c0 	ret
    20003f58:	940008b6 	bl	20006230 <vPortValidateInterruptPriority>
    20003f5c:	940008a5 	bl	200061f0 <uxPortSetInterruptMask>
    20003f60:	aa0003f6 	mov	x22, x0
    20003f64:	f9403a61 	ldr	x1, [x19, #112]
    20003f68:	f9403e60 	ldr	x0, [x19, #120]
    20003f6c:	eb00003f 	cmp	x1, x0
    20003f70:	54fffaa3 	b.cc	20003ec4 <xQueueGenericSendFromISR+0x50>  // b.lo, b.ul, b.last
    20003f74:	aa1603e0 	mov	x0, x22
    20003f78:	d2800014 	mov	x20, #0x0                   	// #0
    20003f7c:	94000891 	bl	200061c0 <vPortClearInterruptMask>
    20003f80:	aa1403e0 	mov	x0, x20
    20003f84:	a94153f3 	ldp	x19, x20, [sp, #16]
    20003f88:	a9425bf5 	ldp	x21, x22, [sp, #32]
    20003f8c:	a94363f7 	ldp	x23, x24, [sp, #48]
    20003f90:	a8c47bfd 	ldp	x29, x30, [sp], #64
    20003f94:	d65f03c0 	ret
    20003f98:	f9404000 	ldr	x0, [x0, #128]
    20003f9c:	b4fff820 	cbz	x0, 20003ea0 <xQueueGenericSendFromISR+0x2c>
    20003fa0:	f0000000 	adrp	x0, 20006000 <xPortStartScheduler+0x40>
    20003fa4:	52808421 	mov	w1, #0x421                 	// #1057
    20003fa8:	91266000 	add	x0, x0, #0x998
    20003fac:	97fff479 	bl	20001190 <amp_assert_failed>
    20003fb0:	aa1603e0 	mov	x0, x22
    20003fb4:	d2800034 	mov	x20, #0x1                   	// #1
    20003fb8:	94000882 	bl	200061c0 <vPortClearInterruptMask>
    20003fbc:	aa1403e0 	mov	x0, x20
    20003fc0:	a94153f3 	ldp	x19, x20, [sp, #16]
    20003fc4:	a9425bf5 	ldp	x21, x22, [sp, #32]
    20003fc8:	a94363f7 	ldp	x23, x24, [sp, #48]
    20003fcc:	a8c47bfd 	ldp	x29, x30, [sp], #64
    20003fd0:	d65f03c0 	ret
    20003fd4:	91012260 	add	x0, x19, #0x48
    20003fd8:	97fffb4e 	bl	20002d10 <xTaskRemoveFromEventList>
    20003fdc:	f100001f 	cmp	x0, #0x0
    20003fe0:	fa401b04 	ccmp	x24, #0x0, #0x4, ne  // ne = any
    20003fe4:	54fff880 	b.eq	20003ef4 <xQueueGenericSendFromISR+0x80>  // b.none
    20003fe8:	f9000314 	str	x20, [x24]
    20003fec:	17ffffc2 	b	20003ef4 <xQueueGenericSendFromISR+0x80>
    20003ff0:	f0000000 	adrp	x0, 20006000 <xPortStartScheduler+0x40>
    20003ff4:	52808401 	mov	w1, #0x420                 	// #1056
    20003ff8:	91266000 	add	x0, x0, #0x998
    20003ffc:	97fff465 	bl	20001190 <amp_assert_failed>
    20004000:	d0000000 	adrp	x0, 20006000 <xPortStartScheduler+0x40>
    20004004:	52808441 	mov	w1, #0x422                 	// #1058
    20004008:	91266000 	add	x0, x0, #0x998
    2000400c:	97fff461 	bl	20001190 <amp_assert_failed>
    20004010:	d0000000 	adrp	x0, 20006000 <xPortStartScheduler+0x40>
    20004014:	52809561 	mov	w1, #0x4ab                 	// #1195
    20004018:	91266000 	add	x0, x0, #0x998
    2000401c:	97fff45d 	bl	20001190 <amp_assert_failed>

0000000020004020 <xQueueGiveFromISR>:
    20004020:	a9bc7bfd 	stp	x29, x30, [sp, #-64]!
    20004024:	910003fd 	mov	x29, sp
    20004028:	a90153f3 	stp	x19, x20, [sp, #16]
    2000402c:	a9025bf5 	stp	x21, x22, [sp, #32]
    20004030:	f9001bf7 	str	x23, [sp, #48]
    20004034:	b4000900 	cbz	x0, 20004154 <xQueueGiveFromISR+0x134>
    20004038:	aa0003f3 	mov	x19, x0
    2000403c:	f9404000 	ldr	x0, [x0, #128]
    20004040:	b5000920 	cbnz	x0, 20004164 <xQueueGiveFromISR+0x144>
    20004044:	f9400260 	ldr	x0, [x19]
    20004048:	aa0103f6 	mov	x22, x1
    2000404c:	b4000540 	cbz	x0, 200040f4 <xQueueGiveFromISR+0xd4>
    20004050:	94000878 	bl	20006230 <vPortValidateInterruptPriority>
    20004054:	94000867 	bl	200061f0 <uxPortSetInterruptMask>
    20004058:	aa0003f4 	mov	x20, x0
    2000405c:	f9403a62 	ldr	x2, [x19, #112]
    20004060:	f9403e60 	ldr	x0, [x19, #120]
    20004064:	eb02001f 	cmp	x0, x2
    20004068:	54000529 	b.ls	2000410c <xQueueGiveFromISR+0xec>  // b.plast
    2000406c:	39422675 	ldrb	w21, [x19, #137]
    20004070:	91000442 	add	x2, x2, #0x1
    20004074:	f9003a62 	str	x2, [x19, #112]
    20004078:	13001eb7 	sxtb	w23, w21
    2000407c:	310006ff 	cmn	w23, #0x1
    20004080:	54000181 	b.ne	200040b0 <xQueueGiveFromISR+0x90>  // b.any
    20004084:	f9402660 	ldr	x0, [x19, #72]
    20004088:	b5000540 	cbnz	x0, 20004130 <xQueueGiveFromISR+0x110>
    2000408c:	d2800037 	mov	x23, #0x1                   	// #1
    20004090:	aa1403e0 	mov	x0, x20
    20004094:	9400084b 	bl	200061c0 <vPortClearInterruptMask>
    20004098:	aa1703e0 	mov	x0, x23
    2000409c:	a94153f3 	ldp	x19, x20, [sp, #16]
    200040a0:	a9425bf5 	ldp	x21, x22, [sp, #32]
    200040a4:	f9401bf7 	ldr	x23, [sp, #48]
    200040a8:	a8c47bfd 	ldp	x29, x30, [sp], #64
    200040ac:	d65f03c0 	ret
    200040b0:	97fffa68 	bl	20002a50 <uxTaskGetNumberOfTasks>
    200040b4:	eb35801f 	cmp	x0, w21, sxtb
    200040b8:	54fffea9 	b.ls	2000408c <xQueueGiveFromISR+0x6c>  // b.plast
    200040bc:	7101feff 	cmp	w23, #0x7f
    200040c0:	540005a0 	b.eq	20004174 <xQueueGiveFromISR+0x154>  // b.none
    200040c4:	110006b5 	add	w21, w21, #0x1
    200040c8:	aa1403e0 	mov	x0, x20
    200040cc:	d2800037 	mov	x23, #0x1                   	// #1
    200040d0:	13001eb5 	sxtb	w21, w21
    200040d4:	39022675 	strb	w21, [x19, #137]
    200040d8:	9400083a 	bl	200061c0 <vPortClearInterruptMask>
    200040dc:	aa1703e0 	mov	x0, x23
    200040e0:	a94153f3 	ldp	x19, x20, [sp, #16]
    200040e4:	a9425bf5 	ldp	x21, x22, [sp, #32]
    200040e8:	f9401bf7 	ldr	x23, [sp, #48]
    200040ec:	a8c47bfd 	ldp	x29, x30, [sp], #64
    200040f0:	d65f03c0 	ret
    200040f4:	f9400a60 	ldr	x0, [x19, #16]
    200040f8:	b4fffac0 	cbz	x0, 20004050 <xQueueGiveFromISR+0x30>
    200040fc:	d0000000 	adrp	x0, 20006000 <xPortStartScheduler+0x40>
    20004100:	52809a41 	mov	w1, #0x4d2                 	// #1234
    20004104:	91266000 	add	x0, x0, #0x998
    20004108:	97fff422 	bl	20001190 <amp_assert_failed>
    2000410c:	aa1403e0 	mov	x0, x20
    20004110:	d2800017 	mov	x23, #0x0                   	// #0
    20004114:	9400082b 	bl	200061c0 <vPortClearInterruptMask>
    20004118:	aa1703e0 	mov	x0, x23
    2000411c:	a94153f3 	ldp	x19, x20, [sp, #16]
    20004120:	a9425bf5 	ldp	x21, x22, [sp, #32]
    20004124:	f9401bf7 	ldr	x23, [sp, #48]
    20004128:	a8c47bfd 	ldp	x29, x30, [sp], #64
    2000412c:	d65f03c0 	ret
    20004130:	91012260 	add	x0, x19, #0x48
    20004134:	97fffaf7 	bl	20002d10 <xTaskRemoveFromEventList>
    20004138:	f100001f 	cmp	x0, #0x0
    2000413c:	fa401ac4 	ccmp	x22, #0x0, #0x4, ne  // ne = any
    20004140:	54fffa60 	b.eq	2000408c <xQueueGiveFromISR+0x6c>  // b.none
    20004144:	d2800020 	mov	x0, #0x1                   	// #1
    20004148:	aa0003f7 	mov	x23, x0
    2000414c:	f90002c0 	str	x0, [x22]
    20004150:	17ffffd0 	b	20004090 <xQueueGiveFromISR+0x70>
    20004154:	d0000000 	adrp	x0, 20006000 <xPortStartScheduler+0x40>
    20004158:	52809921 	mov	w1, #0x4c9                 	// #1225
    2000415c:	91266000 	add	x0, x0, #0x998
    20004160:	97fff40c 	bl	20001190 <amp_assert_failed>
    20004164:	d0000000 	adrp	x0, 20006000 <xPortStartScheduler+0x40>
    20004168:	528099a1 	mov	w1, #0x4cd                 	// #1229
    2000416c:	91266000 	add	x0, x0, #0x998
    20004170:	97fff408 	bl	20001190 <amp_assert_failed>
    20004174:	d0000000 	adrp	x0, 20006000 <xPortStartScheduler+0x40>
    20004178:	5280aa21 	mov	w1, #0x551                 	// #1361
    2000417c:	91266000 	add	x0, x0, #0x998
    20004180:	97fff404 	bl	20001190 <amp_assert_failed>

0000000020004184 <xQueueReceive>:
    20004184:	a9bb7bfd 	stp	x29, x30, [sp, #-80]!
    20004188:	910003fd 	mov	x29, sp
    2000418c:	a90153f3 	stp	x19, x20, [sp, #16]
    20004190:	a9025bf5 	stp	x21, x22, [sp, #32]
    20004194:	f9001fe2 	str	x2, [sp, #56]
    20004198:	b4000ca0 	cbz	x0, 2000432c <xQueueReceive+0x1a8>
    2000419c:	aa0003f3 	mov	x19, x0
    200041a0:	aa0103f5 	mov	x21, x1
    200041a4:	b4000821 	cbz	x1, 200042a8 <xQueueReceive+0x124>
    200041a8:	940007a6 	bl	20006040 <vPortEnterCritical>
    200041ac:	f9403a74 	ldr	x20, [x19, #112]
    200041b0:	b5000894 	cbnz	x20, 200042c0 <xQueueReceive+0x13c>
    200041b4:	f9401fe0 	ldr	x0, [sp, #56]
    200041b8:	b40004e0 	cbz	x0, 20004254 <xQueueReceive+0xd0>
    200041bc:	91012276 	add	x22, x19, #0x48
    200041c0:	910103e0 	add	x0, sp, #0x40
    200041c4:	97fffb87 	bl	20002fe0 <vTaskInternalSetTimeOutState>
    200041c8:	940007be 	bl	200060c0 <vPortExitCritical>
    200041cc:	97fff949 	bl	200026f0 <vTaskSuspendAll>
    200041d0:	9400079c 	bl	20006040 <vPortEnterCritical>
    200041d4:	39422262 	ldrb	w2, [x19, #136]
    200041d8:	13001c42 	sxtb	w2, w2
    200041dc:	3100045f 	cmn	w2, #0x1
    200041e0:	54000041 	b.ne	200041e8 <xQueueReceive+0x64>  // b.any
    200041e4:	3902227f 	strb	wzr, [x19, #136]
    200041e8:	39422662 	ldrb	w2, [x19, #137]
    200041ec:	13001c42 	sxtb	w2, w2
    200041f0:	3100045f 	cmn	w2, #0x1
    200041f4:	54000041 	b.ne	200041fc <xQueueReceive+0x78>  // b.any
    200041f8:	3902267f 	strb	wzr, [x19, #137]
    200041fc:	940007b1 	bl	200060c0 <vPortExitCritical>
    20004200:	9100e3e1 	add	x1, sp, #0x38
    20004204:	910103e0 	add	x0, sp, #0x40
    20004208:	97fffb7e 	bl	20003000 <xTaskCheckForTimeOut>
    2000420c:	b5000300 	cbnz	x0, 2000426c <xQueueReceive+0xe8>
    20004210:	9400078c 	bl	20006040 <vPortEnterCritical>
    20004214:	f9403a60 	ldr	x0, [x19, #112]
    20004218:	b50003a0 	cbnz	x0, 2000428c <xQueueReceive+0x108>
    2000421c:	940007a9 	bl	200060c0 <vPortExitCritical>
    20004220:	f9401fe1 	ldr	x1, [sp, #56]
    20004224:	aa1603e0 	mov	x0, x22
    20004228:	97fffa7e 	bl	20002c20 <vTaskPlaceOnEventList>
    2000422c:	aa1303e0 	mov	x0, x19
    20004230:	97fffdfc 	bl	20003a20 <prvUnlockQueue>
    20004234:	97fff937 	bl	20002710 <xTaskResumeAll>
    20004238:	b4000340 	cbz	x0, 200042a0 <xQueueReceive+0x11c>
    2000423c:	d503201f 	nop
    20004240:	94000780 	bl	20006040 <vPortEnterCritical>
    20004244:	f9403a74 	ldr	x20, [x19, #112]
    20004248:	b50003d4 	cbnz	x20, 200042c0 <xQueueReceive+0x13c>
    2000424c:	f9401fe0 	ldr	x0, [sp, #56]
    20004250:	b5fffbc0 	cbnz	x0, 200041c8 <xQueueReceive+0x44>
    20004254:	9400079b 	bl	200060c0 <vPortExitCritical>
    20004258:	d2800000 	mov	x0, #0x0                   	// #0
    2000425c:	a94153f3 	ldp	x19, x20, [sp, #16]
    20004260:	a9425bf5 	ldp	x21, x22, [sp, #32]
    20004264:	a8c57bfd 	ldp	x29, x30, [sp], #80
    20004268:	d65f03c0 	ret
    2000426c:	aa1303e0 	mov	x0, x19
    20004270:	97fffdec 	bl	20003a20 <prvUnlockQueue>
    20004274:	97fff927 	bl	20002710 <xTaskResumeAll>
    20004278:	94000772 	bl	20006040 <vPortEnterCritical>
    2000427c:	f9403a60 	ldr	x0, [x19, #112]
    20004280:	b4fffea0 	cbz	x0, 20004254 <xQueueReceive+0xd0>
    20004284:	9400078f 	bl	200060c0 <vPortExitCritical>
    20004288:	17ffffee 	b	20004240 <xQueueReceive+0xbc>
    2000428c:	9400078d 	bl	200060c0 <vPortExitCritical>
    20004290:	aa1303e0 	mov	x0, x19
    20004294:	97fffde3 	bl	20003a20 <prvUnlockQueue>
    20004298:	97fff91e 	bl	20002710 <xTaskResumeAll>
    2000429c:	17ffffe9 	b	20004240 <xQueueReceive+0xbc>
    200042a0:	d4000001 	svc	#0x0
    200042a4:	17ffffe7 	b	20004240 <xQueueReceive+0xbc>
    200042a8:	f9404000 	ldr	x0, [x0, #128]
    200042ac:	b4fff7e0 	cbz	x0, 200041a8 <xQueueReceive+0x24>
    200042b0:	d0000000 	adrp	x0, 20006000 <xPortStartScheduler+0x40>
    200042b4:	5280ade1 	mov	w1, #0x56f                 	// #1391
    200042b8:	91266000 	add	x0, x0, #0x998
    200042bc:	97fff3b5 	bl	20001190 <amp_assert_failed>
    200042c0:	f9404262 	ldr	x2, [x19, #128]
    200042c4:	b4000102 	cbz	x2, 200042e4 <xQueueReceive+0x160>
    200042c8:	a9410660 	ldp	x0, x1, [x19, #16]
    200042cc:	8b020021 	add	x1, x1, x2
    200042d0:	f9000e61 	str	x1, [x19, #24]
    200042d4:	eb00003f 	cmp	x1, x0
    200042d8:	540001a2 	b.cs	2000430c <xQueueReceive+0x188>  // b.hs, b.nlast
    200042dc:	aa1503e0 	mov	x0, x21
    200042e0:	97fff704 	bl	20001ef0 <memcpy>
    200042e4:	d1000694 	sub	x20, x20, #0x1
    200042e8:	f9003a74 	str	x20, [x19, #112]
    200042ec:	f9401260 	ldr	x0, [x19, #32]
    200042f0:	b5000140 	cbnz	x0, 20004318 <xQueueReceive+0x194>
    200042f4:	94000773 	bl	200060c0 <vPortExitCritical>
    200042f8:	d2800020 	mov	x0, #0x1                   	// #1
    200042fc:	a94153f3 	ldp	x19, x20, [sp, #16]
    20004300:	a9425bf5 	ldp	x21, x22, [sp, #32]
    20004304:	a8c57bfd 	ldp	x29, x30, [sp], #80
    20004308:	d65f03c0 	ret
    2000430c:	f9400261 	ldr	x1, [x19]
    20004310:	f9000e61 	str	x1, [x19, #24]
    20004314:	17fffff2 	b	200042dc <xQueueReceive+0x158>
    20004318:	91008260 	add	x0, x19, #0x20
    2000431c:	97fffa7d 	bl	20002d10 <xTaskRemoveFromEventList>
    20004320:	b4fffea0 	cbz	x0, 200042f4 <xQueueReceive+0x170>
    20004324:	d4000001 	svc	#0x0
    20004328:	17fffff3 	b	200042f4 <xQueueReceive+0x170>
    2000432c:	d0000000 	adrp	x0, 20006000 <xPortStartScheduler+0x40>
    20004330:	5280ad61 	mov	w1, #0x56b                 	// #1387
    20004334:	91266000 	add	x0, x0, #0x998
    20004338:	97fff396 	bl	20001190 <amp_assert_failed>
    2000433c:	d503201f 	nop

0000000020004340 <xQueueSemaphoreTake>:
    20004340:	a9bc7bfd 	stp	x29, x30, [sp, #-64]!
    20004344:	910003fd 	mov	x29, sp
    20004348:	a90153f3 	stp	x19, x20, [sp, #16]
    2000434c:	f90017e1 	str	x1, [sp, #40]
    20004350:	b4000ac0 	cbz	x0, 200044a8 <xQueueSemaphoreTake+0x168>
    20004354:	aa0003f3 	mov	x19, x0
    20004358:	f9404000 	ldr	x0, [x0, #128]
    2000435c:	b50009e0 	cbnz	x0, 20004498 <xQueueSemaphoreTake+0x158>
    20004360:	94000738 	bl	20006040 <vPortEnterCritical>
    20004364:	f9403a60 	ldr	x0, [x19, #112]
    20004368:	b5000780 	cbnz	x0, 20004458 <xQueueSemaphoreTake+0x118>
    2000436c:	f94017e0 	ldr	x0, [sp, #40]
    20004370:	b40004c0 	cbz	x0, 20004408 <xQueueSemaphoreTake+0xc8>
    20004374:	91012274 	add	x20, x19, #0x48
    20004378:	9100c3e0 	add	x0, sp, #0x30
    2000437c:	97fffb19 	bl	20002fe0 <vTaskInternalSetTimeOutState>
    20004380:	94000750 	bl	200060c0 <vPortExitCritical>
    20004384:	97fff8db 	bl	200026f0 <vTaskSuspendAll>
    20004388:	9400072e 	bl	20006040 <vPortEnterCritical>
    2000438c:	39422260 	ldrb	w0, [x19, #136]
    20004390:	13001c00 	sxtb	w0, w0
    20004394:	3100041f 	cmn	w0, #0x1
    20004398:	54000041 	b.ne	200043a0 <xQueueSemaphoreTake+0x60>  // b.any
    2000439c:	3902227f 	strb	wzr, [x19, #136]
    200043a0:	39422660 	ldrb	w0, [x19, #137]
    200043a4:	13001c00 	sxtb	w0, w0
    200043a8:	3100041f 	cmn	w0, #0x1
    200043ac:	54000041 	b.ne	200043b4 <xQueueSemaphoreTake+0x74>  // b.any
    200043b0:	3902267f 	strb	wzr, [x19, #137]
    200043b4:	94000743 	bl	200060c0 <vPortExitCritical>
    200043b8:	9100a3e1 	add	x1, sp, #0x28
    200043bc:	9100c3e0 	add	x0, sp, #0x30
    200043c0:	97fffb10 	bl	20003000 <xTaskCheckForTimeOut>
    200043c4:	b50002c0 	cbnz	x0, 2000441c <xQueueSemaphoreTake+0xdc>
    200043c8:	9400071e 	bl	20006040 <vPortEnterCritical>
    200043cc:	f9403a60 	ldr	x0, [x19, #112]
    200043d0:	b5000360 	cbnz	x0, 2000443c <xQueueSemaphoreTake+0xfc>
    200043d4:	9400073b 	bl	200060c0 <vPortExitCritical>
    200043d8:	f94017e1 	ldr	x1, [sp, #40]
    200043dc:	aa1403e0 	mov	x0, x20
    200043e0:	97fffa10 	bl	20002c20 <vTaskPlaceOnEventList>
    200043e4:	aa1303e0 	mov	x0, x19
    200043e8:	97fffd8e 	bl	20003a20 <prvUnlockQueue>
    200043ec:	97fff8c9 	bl	20002710 <xTaskResumeAll>
    200043f0:	b4000460 	cbz	x0, 2000447c <xQueueSemaphoreTake+0x13c>
    200043f4:	94000713 	bl	20006040 <vPortEnterCritical>
    200043f8:	f9403a60 	ldr	x0, [x19, #112]
    200043fc:	b50002e0 	cbnz	x0, 20004458 <xQueueSemaphoreTake+0x118>
    20004400:	f94017e0 	ldr	x0, [sp, #40]
    20004404:	b5fffbe0 	cbnz	x0, 20004380 <xQueueSemaphoreTake+0x40>
    20004408:	9400072e 	bl	200060c0 <vPortExitCritical>
    2000440c:	d2800000 	mov	x0, #0x0                   	// #0
    20004410:	a94153f3 	ldp	x19, x20, [sp, #16]
    20004414:	a8c47bfd 	ldp	x29, x30, [sp], #64
    20004418:	d65f03c0 	ret
    2000441c:	aa1303e0 	mov	x0, x19
    20004420:	97fffd80 	bl	20003a20 <prvUnlockQueue>
    20004424:	97fff8bb 	bl	20002710 <xTaskResumeAll>
    20004428:	94000706 	bl	20006040 <vPortEnterCritical>
    2000442c:	f9403a60 	ldr	x0, [x19, #112]
    20004430:	b4fffec0 	cbz	x0, 20004408 <xQueueSemaphoreTake+0xc8>
    20004434:	94000723 	bl	200060c0 <vPortExitCritical>
    20004438:	17ffffef 	b	200043f4 <xQueueSemaphoreTake+0xb4>
    2000443c:	94000721 	bl	200060c0 <vPortExitCritical>
    20004440:	aa1303e0 	mov	x0, x19
    20004444:	97fffd77 	bl	20003a20 <prvUnlockQueue>
    20004448:	97fff8b2 	bl	20002710 <xTaskResumeAll>
    2000444c:	940006fd 	bl	20006040 <vPortEnterCritical>
    20004450:	f9403a60 	ldr	x0, [x19, #112]
    20004454:	b4fffd60 	cbz	x0, 20004400 <xQueueSemaphoreTake+0xc0>
    20004458:	d1000400 	sub	x0, x0, #0x1
    2000445c:	f9003a60 	str	x0, [x19, #112]
    20004460:	f9401260 	ldr	x0, [x19, #32]
    20004464:	b5000100 	cbnz	x0, 20004484 <xQueueSemaphoreTake+0x144>
    20004468:	94000716 	bl	200060c0 <vPortExitCritical>
    2000446c:	d2800020 	mov	x0, #0x1                   	// #1
    20004470:	a94153f3 	ldp	x19, x20, [sp, #16]
    20004474:	a8c47bfd 	ldp	x29, x30, [sp], #64
    20004478:	d65f03c0 	ret
    2000447c:	d4000001 	svc	#0x0
    20004480:	17ffffdd 	b	200043f4 <xQueueSemaphoreTake+0xb4>
    20004484:	91008260 	add	x0, x19, #0x20
    20004488:	97fffa22 	bl	20002d10 <xTaskRemoveFromEventList>
    2000448c:	b4fffee0 	cbz	x0, 20004468 <xQueueSemaphoreTake+0x128>
    20004490:	d4000001 	svc	#0x0
    20004494:	17fffff5 	b	20004468 <xQueueSemaphoreTake+0x128>
    20004498:	d0000000 	adrp	x0, 20006000 <xPortStartScheduler+0x40>
    2000449c:	5280c021 	mov	w1, #0x601                 	// #1537
    200044a0:	91266000 	add	x0, x0, #0x998
    200044a4:	97fff33b 	bl	20001190 <amp_assert_failed>
    200044a8:	d0000000 	adrp	x0, 20006000 <xPortStartScheduler+0x40>
    200044ac:	5280bfa1 	mov	w1, #0x5fd                 	// #1533
    200044b0:	91266000 	add	x0, x0, #0x998
    200044b4:	97fff337 	bl	20001190 <amp_assert_failed>
    200044b8:	d503201f 	nop
    200044bc:	d503201f 	nop

00000000200044c0 <xQueuePeek>:
    200044c0:	a9bb7bfd 	stp	x29, x30, [sp, #-80]!
    200044c4:	910003fd 	mov	x29, sp
    200044c8:	a90153f3 	stp	x19, x20, [sp, #16]
    200044cc:	f90013f5 	str	x21, [sp, #32]
    200044d0:	f9001fe2 	str	x2, [sp, #56]
    200044d4:	b4000c80 	cbz	x0, 20004664 <xQueuePeek+0x1a4>
    200044d8:	aa0003f3 	mov	x19, x0
    200044dc:	aa0103f4 	mov	x20, x1
    200044e0:	b4000801 	cbz	x1, 200045e0 <xQueuePeek+0x120>
    200044e4:	940006d7 	bl	20006040 <vPortEnterCritical>
    200044e8:	f9403a60 	ldr	x0, [x19, #112]
    200044ec:	b5000860 	cbnz	x0, 200045f8 <xQueuePeek+0x138>
    200044f0:	f9401fe0 	ldr	x0, [sp, #56]
    200044f4:	b40004c0 	cbz	x0, 2000458c <xQueuePeek+0xcc>
    200044f8:	91012275 	add	x21, x19, #0x48
    200044fc:	910103e0 	add	x0, sp, #0x40
    20004500:	97fffab8 	bl	20002fe0 <vTaskInternalSetTimeOutState>
    20004504:	940006ef 	bl	200060c0 <vPortExitCritical>
    20004508:	97fff87a 	bl	200026f0 <vTaskSuspendAll>
    2000450c:	940006cd 	bl	20006040 <vPortEnterCritical>
    20004510:	39422262 	ldrb	w2, [x19, #136]
    20004514:	13001c42 	sxtb	w2, w2
    20004518:	3100045f 	cmn	w2, #0x1
    2000451c:	54000041 	b.ne	20004524 <xQueuePeek+0x64>  // b.any
    20004520:	3902227f 	strb	wzr, [x19, #136]
    20004524:	39422662 	ldrb	w2, [x19, #137]
    20004528:	13001c42 	sxtb	w2, w2
    2000452c:	3100045f 	cmn	w2, #0x1
    20004530:	54000041 	b.ne	20004538 <xQueuePeek+0x78>  // b.any
    20004534:	3902267f 	strb	wzr, [x19, #137]
    20004538:	940006e2 	bl	200060c0 <vPortExitCritical>
    2000453c:	9100e3e1 	add	x1, sp, #0x38
    20004540:	910103e0 	add	x0, sp, #0x40
    20004544:	97fffaaf 	bl	20003000 <xTaskCheckForTimeOut>
    20004548:	b50002e0 	cbnz	x0, 200045a4 <xQueuePeek+0xe4>
    2000454c:	940006bd 	bl	20006040 <vPortEnterCritical>
    20004550:	f9403a60 	ldr	x0, [x19, #112]
    20004554:	b5000380 	cbnz	x0, 200045c4 <xQueuePeek+0x104>
    20004558:	940006da 	bl	200060c0 <vPortExitCritical>
    2000455c:	f9401fe1 	ldr	x1, [sp, #56]
    20004560:	aa1503e0 	mov	x0, x21
    20004564:	97fff9af 	bl	20002c20 <vTaskPlaceOnEventList>
    20004568:	aa1303e0 	mov	x0, x19
    2000456c:	97fffd2d 	bl	20003a20 <prvUnlockQueue>
    20004570:	97fff868 	bl	20002710 <xTaskResumeAll>
    20004574:	b4000320 	cbz	x0, 200045d8 <xQueuePeek+0x118>
    20004578:	940006b2 	bl	20006040 <vPortEnterCritical>
    2000457c:	f9403a60 	ldr	x0, [x19, #112]
    20004580:	b50003c0 	cbnz	x0, 200045f8 <xQueuePeek+0x138>
    20004584:	f9401fe0 	ldr	x0, [sp, #56]
    20004588:	b5fffbe0 	cbnz	x0, 20004504 <xQueuePeek+0x44>
    2000458c:	940006cd 	bl	200060c0 <vPortExitCritical>
    20004590:	d2800000 	mov	x0, #0x0                   	// #0
    20004594:	a94153f3 	ldp	x19, x20, [sp, #16]
    20004598:	f94013f5 	ldr	x21, [sp, #32]
    2000459c:	a8c57bfd 	ldp	x29, x30, [sp], #80
    200045a0:	d65f03c0 	ret
    200045a4:	aa1303e0 	mov	x0, x19
    200045a8:	97fffd1e 	bl	20003a20 <prvUnlockQueue>
    200045ac:	97fff859 	bl	20002710 <xTaskResumeAll>
    200045b0:	940006a4 	bl	20006040 <vPortEnterCritical>
    200045b4:	f9403a60 	ldr	x0, [x19, #112]
    200045b8:	b4fffea0 	cbz	x0, 2000458c <xQueuePeek+0xcc>
    200045bc:	940006c1 	bl	200060c0 <vPortExitCritical>
    200045c0:	17ffffee 	b	20004578 <xQueuePeek+0xb8>
    200045c4:	940006bf 	bl	200060c0 <vPortExitCritical>
    200045c8:	aa1303e0 	mov	x0, x19
    200045cc:	97fffd15 	bl	20003a20 <prvUnlockQueue>
    200045d0:	97fff850 	bl	20002710 <xTaskResumeAll>
    200045d4:	17ffffe9 	b	20004578 <xQueuePeek+0xb8>
    200045d8:	d4000001 	svc	#0x0
    200045dc:	17ffffe7 	b	20004578 <xQueuePeek+0xb8>
    200045e0:	f9404000 	ldr	x0, [x0, #128]
    200045e4:	b4fff800 	cbz	x0, 200044e4 <xQueuePeek+0x24>
    200045e8:	d0000000 	adrp	x0, 20006000 <xPortStartScheduler+0x40>
    200045ec:	5280da21 	mov	w1, #0x6d1                 	// #1745
    200045f0:	91266000 	add	x0, x0, #0x998
    200045f4:	97fff2e7 	bl	20001190 <amp_assert_failed>
    200045f8:	f9404262 	ldr	x2, [x19, #128]
    200045fc:	f9400e75 	ldr	x21, [x19, #24]
    20004600:	b4000102 	cbz	x2, 20004620 <xQueuePeek+0x160>
    20004604:	f9400a60 	ldr	x0, [x19, #16]
    20004608:	8b0202a1 	add	x1, x21, x2
    2000460c:	f9000e61 	str	x1, [x19, #24]
    20004610:	eb00003f 	cmp	x1, x0
    20004614:	54000182 	b.cs	20004644 <xQueuePeek+0x184>  // b.hs, b.nlast
    20004618:	aa1403e0 	mov	x0, x20
    2000461c:	97fff635 	bl	20001ef0 <memcpy>
    20004620:	f9402660 	ldr	x0, [x19, #72]
    20004624:	f9000e75 	str	x21, [x19, #24]
    20004628:	b5000140 	cbnz	x0, 20004650 <xQueuePeek+0x190>
    2000462c:	940006a5 	bl	200060c0 <vPortExitCritical>
    20004630:	d2800020 	mov	x0, #0x1                   	// #1
    20004634:	a94153f3 	ldp	x19, x20, [sp, #16]
    20004638:	f94013f5 	ldr	x21, [sp, #32]
    2000463c:	a8c57bfd 	ldp	x29, x30, [sp], #80
    20004640:	d65f03c0 	ret
    20004644:	f9400261 	ldr	x1, [x19]
    20004648:	f9000e61 	str	x1, [x19, #24]
    2000464c:	17fffff3 	b	20004618 <xQueuePeek+0x158>
    20004650:	91012260 	add	x0, x19, #0x48
    20004654:	97fff9af 	bl	20002d10 <xTaskRemoveFromEventList>
    20004658:	b4fffea0 	cbz	x0, 2000462c <xQueuePeek+0x16c>
    2000465c:	d4000001 	svc	#0x0
    20004660:	17fffff3 	b	2000462c <xQueuePeek+0x16c>
    20004664:	d0000000 	adrp	x0, 20006000 <xPortStartScheduler+0x40>
    20004668:	5280d9a1 	mov	w1, #0x6cd                 	// #1741
    2000466c:	91266000 	add	x0, x0, #0x998
    20004670:	97fff2c8 	bl	20001190 <amp_assert_failed>

0000000020004674 <xQueueReceiveFromISR>:
    20004674:	a9bb7bfd 	stp	x29, x30, [sp, #-80]!
    20004678:	910003fd 	mov	x29, sp
    2000467c:	a90153f3 	stp	x19, x20, [sp, #16]
    20004680:	b4000b00 	cbz	x0, 200047e0 <xQueueReceiveFromISR+0x16c>
    20004684:	a90363f7 	stp	x23, x24, [sp, #48]
    20004688:	aa0003f3 	mov	x19, x0
    2000468c:	aa0103f4 	mov	x20, x1
    20004690:	aa0203f7 	mov	x23, x2
    20004694:	b4000581 	cbz	x1, 20004744 <xQueueReceiveFromISR+0xd0>
    20004698:	a9025bf5 	stp	x21, x22, [sp, #32]
    2000469c:	940006e5 	bl	20006230 <vPortValidateInterruptPriority>
    200046a0:	940006d4 	bl	200061f0 <uxPortSetInterruptMask>
    200046a4:	f9403a76 	ldr	x22, [x19, #112]
    200046a8:	aa0003f5 	mov	x21, x0
    200046ac:	b40003b6 	cbz	x22, 20004720 <xQueueReceiveFromISR+0xac>
    200046b0:	f9404262 	ldr	x2, [x19, #128]
    200046b4:	f90023f9 	str	x25, [sp, #64]
    200046b8:	39422278 	ldrb	w24, [x19, #136]
    200046bc:	13001f19 	sxtb	w25, w24
    200046c0:	b4000102 	cbz	x2, 200046e0 <xQueueReceiveFromISR+0x6c>
    200046c4:	a9410660 	ldp	x0, x1, [x19, #16]
    200046c8:	8b020021 	add	x1, x1, x2
    200046cc:	f9000e61 	str	x1, [x19, #24]
    200046d0:	eb00003f 	cmp	x1, x0
    200046d4:	540006c2 	b.cs	200047ac <xQueueReceiveFromISR+0x138>  // b.hs, b.nlast
    200046d8:	aa1403e0 	mov	x0, x20
    200046dc:	97fff605 	bl	20001ef0 <memcpy>
    200046e0:	d10006d6 	sub	x22, x22, #0x1
    200046e4:	f9003a76 	str	x22, [x19, #112]
    200046e8:	3100073f 	cmn	w25, #0x1
    200046ec:	540003c1 	b.ne	20004764 <xQueueReceiveFromISR+0xf0>  // b.any
    200046f0:	f9401260 	ldr	x0, [x19, #32]
    200046f4:	b5000620 	cbnz	x0, 200047b8 <xQueueReceiveFromISR+0x144>
    200046f8:	aa1503e0 	mov	x0, x21
    200046fc:	d2800034 	mov	x20, #0x1                   	// #1
    20004700:	f94023f9 	ldr	x25, [sp, #64]
    20004704:	940006af 	bl	200061c0 <vPortClearInterruptMask>
    20004708:	aa1403e0 	mov	x0, x20
    2000470c:	a94153f3 	ldp	x19, x20, [sp, #16]
    20004710:	a9425bf5 	ldp	x21, x22, [sp, #32]
    20004714:	a94363f7 	ldp	x23, x24, [sp, #48]
    20004718:	a8c57bfd 	ldp	x29, x30, [sp], #80
    2000471c:	d65f03c0 	ret
    20004720:	d2800014 	mov	x20, #0x0                   	// #0
    20004724:	aa1503e0 	mov	x0, x21
    20004728:	940006a6 	bl	200061c0 <vPortClearInterruptMask>
    2000472c:	aa1403e0 	mov	x0, x20
    20004730:	a94153f3 	ldp	x19, x20, [sp, #16]
    20004734:	a9425bf5 	ldp	x21, x22, [sp, #32]
    20004738:	a94363f7 	ldp	x23, x24, [sp, #48]
    2000473c:	a8c57bfd 	ldp	x29, x30, [sp], #80
    20004740:	d65f03c0 	ret
    20004744:	f9404000 	ldr	x0, [x0, #128]
    20004748:	b4fffa80 	cbz	x0, 20004698 <xQueueReceiveFromISR+0x24>
    2000474c:	d0000000 	adrp	x0, 20006000 <xPortStartScheduler+0x40>
    20004750:	5280ec61 	mov	w1, #0x763                 	// #1891
    20004754:	91266000 	add	x0, x0, #0x998
    20004758:	a9025bf5 	stp	x21, x22, [sp, #32]
    2000475c:	f90023f9 	str	x25, [sp, #64]
    20004760:	97fff28c 	bl	20001190 <amp_assert_failed>
    20004764:	97fff8bb 	bl	20002a50 <uxTaskGetNumberOfTasks>
    20004768:	eb38801f 	cmp	x0, w24, sxtb
    2000476c:	54fffc69 	b.ls	200046f8 <xQueueReceiveFromISR+0x84>  // b.plast
    20004770:	7101ff3f 	cmp	w25, #0x7f
    20004774:	54000440 	b.eq	200047fc <xQueueReceiveFromISR+0x188>  // b.none
    20004778:	11000718 	add	w24, w24, #0x1
    2000477c:	aa1503e0 	mov	x0, x21
    20004780:	d2800034 	mov	x20, #0x1                   	// #1
    20004784:	13001f18 	sxtb	w24, w24
    20004788:	39022278 	strb	w24, [x19, #136]
    2000478c:	f94023f9 	ldr	x25, [sp, #64]
    20004790:	9400068c 	bl	200061c0 <vPortClearInterruptMask>
    20004794:	aa1403e0 	mov	x0, x20
    20004798:	a94153f3 	ldp	x19, x20, [sp, #16]
    2000479c:	a9425bf5 	ldp	x21, x22, [sp, #32]
    200047a0:	a94363f7 	ldp	x23, x24, [sp, #48]
    200047a4:	a8c57bfd 	ldp	x29, x30, [sp], #80
    200047a8:	d65f03c0 	ret
    200047ac:	f9400261 	ldr	x1, [x19]
    200047b0:	f9000e61 	str	x1, [x19, #24]
    200047b4:	17ffffc9 	b	200046d8 <xQueueReceiveFromISR+0x64>
    200047b8:	91008260 	add	x0, x19, #0x20
    200047bc:	97fff955 	bl	20002d10 <xTaskRemoveFromEventList>
    200047c0:	f100001f 	cmp	x0, #0x0
    200047c4:	fa401ae4 	ccmp	x23, #0x0, #0x4, ne  // ne = any
    200047c8:	54fff980 	b.eq	200046f8 <xQueueReceiveFromISR+0x84>  // b.none
    200047cc:	d2800020 	mov	x0, #0x1                   	// #1
    200047d0:	aa0003f4 	mov	x20, x0
    200047d4:	f94023f9 	ldr	x25, [sp, #64]
    200047d8:	f90002e0 	str	x0, [x23]
    200047dc:	17ffffd2 	b	20004724 <xQueueReceiveFromISR+0xb0>
    200047e0:	d0000000 	adrp	x0, 20006000 <xPortStartScheduler+0x40>
    200047e4:	5280ec41 	mov	w1, #0x762                 	// #1890
    200047e8:	91266000 	add	x0, x0, #0x998
    200047ec:	a9025bf5 	stp	x21, x22, [sp, #32]
    200047f0:	a90363f7 	stp	x23, x24, [sp, #48]
    200047f4:	f90023f9 	str	x25, [sp, #64]
    200047f8:	97fff266 	bl	20001190 <amp_assert_failed>
    200047fc:	d0000000 	adrp	x0, 20006000 <xPortStartScheduler+0x40>
    20004800:	5280f4c1 	mov	w1, #0x7a6                 	// #1958
    20004804:	91266000 	add	x0, x0, #0x998
    20004808:	97fff262 	bl	20001190 <amp_assert_failed>
    2000480c:	d503201f 	nop

0000000020004810 <xQueuePeekFromISR>:
    20004810:	a9bc7bfd 	stp	x29, x30, [sp, #-64]!
    20004814:	910003fd 	mov	x29, sp
    20004818:	a90153f3 	stp	x19, x20, [sp, #16]
    2000481c:	b4000640 	cbz	x0, 200048e4 <xQueuePeekFromISR+0xd4>
    20004820:	aa0003f3 	mov	x19, x0
    20004824:	aa0103f4 	mov	x20, x1
    20004828:	f9404000 	ldr	x0, [x0, #128]
    2000482c:	b40004e1 	cbz	x1, 200048c8 <xQueuePeekFromISR+0xb8>
    20004830:	b40004e0 	cbz	x0, 200048cc <xQueuePeekFromISR+0xbc>
    20004834:	a9025bf5 	stp	x21, x22, [sp, #32]
    20004838:	9400067e 	bl	20006230 <vPortValidateInterruptPriority>
    2000483c:	9400066d 	bl	200061f0 <uxPortSetInterruptMask>
    20004840:	f9403a61 	ldr	x1, [x19, #112]
    20004844:	aa0003f5 	mov	x21, x0
    20004848:	d2800016 	mov	x22, #0x0                   	// #0
    2000484c:	b5000101 	cbnz	x1, 2000486c <xQueuePeekFromISR+0x5c>
    20004850:	aa1503e0 	mov	x0, x21
    20004854:	9400065b 	bl	200061c0 <vPortClearInterruptMask>
    20004858:	aa1603e0 	mov	x0, x22
    2000485c:	a94153f3 	ldp	x19, x20, [sp, #16]
    20004860:	a9425bf5 	ldp	x21, x22, [sp, #32]
    20004864:	a8c47bfd 	ldp	x29, x30, [sp], #64
    20004868:	d65f03c0 	ret
    2000486c:	f9404262 	ldr	x2, [x19, #128]
    20004870:	f9001bf7 	str	x23, [sp, #48]
    20004874:	f9400e77 	ldr	x23, [x19, #24]
    20004878:	b4000142 	cbz	x2, 200048a0 <xQueuePeekFromISR+0x90>
    2000487c:	f9400a60 	ldr	x0, [x19, #16]
    20004880:	8b0202e1 	add	x1, x23, x2
    20004884:	f9000e61 	str	x1, [x19, #24]
    20004888:	eb00003f 	cmp	x1, x0
    2000488c:	54000063 	b.cc	20004898 <xQueuePeekFromISR+0x88>  // b.lo, b.ul, b.last
    20004890:	f9400261 	ldr	x1, [x19]
    20004894:	f9000e61 	str	x1, [x19, #24]
    20004898:	aa1403e0 	mov	x0, x20
    2000489c:	97fff595 	bl	20001ef0 <memcpy>
    200048a0:	f9000e77 	str	x23, [x19, #24]
    200048a4:	aa1503e0 	mov	x0, x21
    200048a8:	d2800036 	mov	x22, #0x1                   	// #1
    200048ac:	f9401bf7 	ldr	x23, [sp, #48]
    200048b0:	94000644 	bl	200061c0 <vPortClearInterruptMask>
    200048b4:	aa1603e0 	mov	x0, x22
    200048b8:	a94153f3 	ldp	x19, x20, [sp, #16]
    200048bc:	a9425bf5 	ldp	x21, x22, [sp, #32]
    200048c0:	a8c47bfd 	ldp	x29, x30, [sp], #64
    200048c4:	d65f03c0 	ret
    200048c8:	b50001a0 	cbnz	x0, 200048fc <xQueuePeekFromISR+0xec>
    200048cc:	d0000000 	adrp	x0, 20006000 <xPortStartScheduler+0x40>
    200048d0:	5280f821 	mov	w1, #0x7c1                 	// #1985
    200048d4:	91266000 	add	x0, x0, #0x998
    200048d8:	a9025bf5 	stp	x21, x22, [sp, #32]
    200048dc:	f9001bf7 	str	x23, [sp, #48]
    200048e0:	97fff22c 	bl	20001190 <amp_assert_failed>
    200048e4:	d0000000 	adrp	x0, 20006000 <xPortStartScheduler+0x40>
    200048e8:	5280f7e1 	mov	w1, #0x7bf                 	// #1983
    200048ec:	91266000 	add	x0, x0, #0x998
    200048f0:	a9025bf5 	stp	x21, x22, [sp, #32]
    200048f4:	f9001bf7 	str	x23, [sp, #48]
    200048f8:	97fff226 	bl	20001190 <amp_assert_failed>
    200048fc:	d0000000 	adrp	x0, 20006000 <xPortStartScheduler+0x40>
    20004900:	5280f801 	mov	w1, #0x7c0                 	// #1984
    20004904:	91266000 	add	x0, x0, #0x998
    20004908:	a9025bf5 	stp	x21, x22, [sp, #32]
    2000490c:	f9001bf7 	str	x23, [sp, #48]
    20004910:	97fff220 	bl	20001190 <amp_assert_failed>

0000000020004914 <uxQueueMessagesWaiting>:
    20004914:	a9be7bfd 	stp	x29, x30, [sp, #-32]!
    20004918:	910003fd 	mov	x29, sp
    2000491c:	f9000bf3 	str	x19, [sp, #16]
    20004920:	b4000120 	cbz	x0, 20004944 <uxQueueMessagesWaiting+0x30>
    20004924:	aa0003f3 	mov	x19, x0
    20004928:	940005c6 	bl	20006040 <vPortEnterCritical>
    2000492c:	f9403a73 	ldr	x19, [x19, #112]
    20004930:	940005e4 	bl	200060c0 <vPortExitCritical>
    20004934:	aa1303e0 	mov	x0, x19
    20004938:	f9400bf3 	ldr	x19, [sp, #16]
    2000493c:	a8c27bfd 	ldp	x29, x30, [sp], #32
    20004940:	d65f03c0 	ret
    20004944:	d0000000 	adrp	x0, 20006000 <xPortStartScheduler+0x40>
    20004948:	5280fe41 	mov	w1, #0x7f2                 	// #2034
    2000494c:	91266000 	add	x0, x0, #0x998
    20004950:	97fff210 	bl	20001190 <amp_assert_failed>

0000000020004954 <uxQueueSpacesAvailable>:
    20004954:	a9be7bfd 	stp	x29, x30, [sp, #-32]!
    20004958:	910003fd 	mov	x29, sp
    2000495c:	f9000bf3 	str	x19, [sp, #16]
    20004960:	b4000160 	cbz	x0, 2000498c <uxQueueSpacesAvailable+0x38>
    20004964:	aa0003f3 	mov	x19, x0
    20004968:	940005b6 	bl	20006040 <vPortEnterCritical>
    2000496c:	f9403a60 	ldr	x0, [x19, #112]
    20004970:	f9403e73 	ldr	x19, [x19, #120]
    20004974:	cb000273 	sub	x19, x19, x0
    20004978:	940005d2 	bl	200060c0 <vPortExitCritical>
    2000497c:	aa1303e0 	mov	x0, x19
    20004980:	f9400bf3 	ldr	x19, [sp, #16]
    20004984:	a8c27bfd 	ldp	x29, x30, [sp], #32
    20004988:	d65f03c0 	ret
    2000498c:	d0000000 	adrp	x0, 20006000 <xPortStartScheduler+0x40>
    20004990:	52810061 	mov	w1, #0x803                 	// #2051
    20004994:	91266000 	add	x0, x0, #0x998
    20004998:	97fff1fe 	bl	20001190 <amp_assert_failed>
    2000499c:	d503201f 	nop

00000000200049a0 <uxQueueMessagesWaitingFromISR>:
    200049a0:	b4000060 	cbz	x0, 200049ac <uxQueueMessagesWaitingFromISR+0xc>
    200049a4:	f9403800 	ldr	x0, [x0, #112]
    200049a8:	d65f03c0 	ret
    200049ac:	a9bf7bfd 	stp	x29, x30, [sp, #-16]!
    200049b0:	d0000000 	adrp	x0, 20006000 <xPortStartScheduler+0x40>
    200049b4:	52810281 	mov	w1, #0x814                 	// #2068
    200049b8:	910003fd 	mov	x29, sp
    200049bc:	91266000 	add	x0, x0, #0x998
    200049c0:	97fff1f4 	bl	20001190 <amp_assert_failed>

00000000200049c4 <vQueueDelete>:
    200049c4:	b4000040 	cbz	x0, 200049cc <vQueueDelete+0x8>
    200049c8:	140000e6 	b	20004d60 <vPortFree>
    200049cc:	a9bf7bfd 	stp	x29, x30, [sp, #-16]!
    200049d0:	d0000000 	adrp	x0, 20006000 <xPortStartScheduler+0x40>
    200049d4:	528103e1 	mov	w1, #0x81f                 	// #2079
    200049d8:	910003fd 	mov	x29, sp
    200049dc:	91266000 	add	x0, x0, #0x998
    200049e0:	97fff1ec 	bl	20001190 <amp_assert_failed>

00000000200049e4 <xQueueIsQueueEmptyFromISR>:
    200049e4:	b40000a0 	cbz	x0, 200049f8 <xQueueIsQueueEmptyFromISR+0x14>
    200049e8:	f9403800 	ldr	x0, [x0, #112]
    200049ec:	f100001f 	cmp	x0, #0x0
    200049f0:	9a9f17e0 	cset	x0, eq  // eq = none
    200049f4:	d65f03c0 	ret
    200049f8:	a9bf7bfd 	stp	x29, x30, [sp, #-16]!
    200049fc:	d0000000 	adrp	x0, 20006000 <xPortStartScheduler+0x40>
    20004a00:	52812f21 	mov	w1, #0x979                 	// #2425
    20004a04:	910003fd 	mov	x29, sp
    20004a08:	91266000 	add	x0, x0, #0x998
    20004a0c:	97fff1e1 	bl	20001190 <amp_assert_failed>

0000000020004a10 <xQueueIsQueueFullFromISR>:
    20004a10:	b40000c0 	cbz	x0, 20004a28 <xQueueIsQueueFullFromISR+0x18>
    20004a14:	f9403801 	ldr	x1, [x0, #112]
    20004a18:	f9403c00 	ldr	x0, [x0, #120]
    20004a1c:	eb01001f 	cmp	x0, x1
    20004a20:	9a9f17e0 	cset	x0, eq  // eq = none
    20004a24:	d65f03c0 	ret
    20004a28:	a9bf7bfd 	stp	x29, x30, [sp, #-16]!
    20004a2c:	d0000000 	adrp	x0, 20006000 <xPortStartScheduler+0x40>
    20004a30:	52813441 	mov	w1, #0x9a2                 	// #2466
    20004a34:	910003fd 	mov	x29, sp
    20004a38:	91266000 	add	x0, x0, #0x998
    20004a3c:	97fff1d5 	bl	20001190 <amp_assert_failed>

0000000020004a40 <vListInitialise>:
    20004a40:	91004001 	add	x1, x0, #0x10
    20004a44:	92800002 	mov	x2, #0xffffffffffffffff    	// #-1
    20004a48:	f900001f 	str	xzr, [x0]
    20004a4c:	a9008801 	stp	x1, x2, [x0, #8]
    20004a50:	a9018401 	stp	x1, x1, [x0, #24]
    20004a54:	d65f03c0 	ret
    20004a58:	d503201f 	nop
    20004a5c:	d503201f 	nop

0000000020004a60 <vListInitialiseItem>:
    20004a60:	f900101f 	str	xzr, [x0, #32]
    20004a64:	d65f03c0 	ret
    20004a68:	d503201f 	nop
    20004a6c:	d503201f 	nop

0000000020004a70 <vListInsertEnd>:
    20004a70:	f9400402 	ldr	x2, [x0, #8]
    20004a74:	f9400003 	ldr	x3, [x0]
    20004a78:	f9400844 	ldr	x4, [x2, #16]
    20004a7c:	a9009022 	stp	x2, x4, [x1, #8]
    20004a80:	91000463 	add	x3, x3, #0x1
    20004a84:	f9400844 	ldr	x4, [x2, #16]
    20004a88:	f9000481 	str	x1, [x4, #8]
    20004a8c:	f9000841 	str	x1, [x2, #16]
    20004a90:	f9001020 	str	x0, [x1, #32]
    20004a94:	f9000003 	str	x3, [x0]
    20004a98:	d65f03c0 	ret
    20004a9c:	d503201f 	nop

0000000020004aa0 <vListInsert>:
    20004aa0:	f9400025 	ldr	x5, [x1]
    20004aa4:	91004002 	add	x2, x0, #0x10
    20004aa8:	b10004bf 	cmn	x5, #0x1
    20004aac:	540001e0 	b.eq	20004ae8 <vListInsert+0x48>  // b.none
    20004ab0:	aa0203e4 	mov	x4, x2
    20004ab4:	f9400442 	ldr	x2, [x2, #8]
    20004ab8:	f9400043 	ldr	x3, [x2]
    20004abc:	eb05007f 	cmp	x3, x5
    20004ac0:	54ffff89 	b.ls	20004ab0 <vListInsert+0x10>  // b.plast
    20004ac4:	f9000422 	str	x2, [x1, #8]
    20004ac8:	f9000841 	str	x1, [x2, #16]
    20004acc:	f9400002 	ldr	x2, [x0]
    20004ad0:	f9000824 	str	x4, [x1, #16]
    20004ad4:	f9000481 	str	x1, [x4, #8]
    20004ad8:	f9001020 	str	x0, [x1, #32]
    20004adc:	91000441 	add	x1, x2, #0x1
    20004ae0:	f9000001 	str	x1, [x0]
    20004ae4:	d65f03c0 	ret
    20004ae8:	f9401004 	ldr	x4, [x0, #32]
    20004aec:	f9400482 	ldr	x2, [x4, #8]
    20004af0:	17fffff5 	b	20004ac4 <vListInsert+0x24>

0000000020004af4 <uxListRemove>:
    20004af4:	a9408803 	ldp	x3, x2, [x0, #8]
    20004af8:	f9401001 	ldr	x1, [x0, #32]
    20004afc:	f9400424 	ldr	x4, [x1, #8]
    20004b00:	f9000862 	str	x2, [x3, #16]
    20004b04:	f9000443 	str	x3, [x2, #8]
    20004b08:	eb00009f 	cmp	x4, x0
    20004b0c:	540000e0 	b.eq	20004b28 <uxListRemove+0x34>  // b.none
    20004b10:	f9400022 	ldr	x2, [x1]
    20004b14:	f900101f 	str	xzr, [x0, #32]
    20004b18:	d1000440 	sub	x0, x2, #0x1
    20004b1c:	f9000020 	str	x0, [x1]
    20004b20:	f9400020 	ldr	x0, [x1]
    20004b24:	d65f03c0 	ret
    20004b28:	f9000422 	str	x2, [x1, #8]
    20004b2c:	f9400022 	ldr	x2, [x1]
    20004b30:	f900101f 	str	xzr, [x0, #32]
    20004b34:	d1000440 	sub	x0, x2, #0x1
    20004b38:	f9000020 	str	x0, [x1]
    20004b3c:	f9400020 	ldr	x0, [x1]
    20004b40:	d65f03c0 	ret
	...

0000000020004b50 <prvInsertBlockIntoFreeList>:
    20004b50:	90000023 	adrp	x3, 20008000 <cached_request+0x90>
    20004b54:	911b6063 	add	x3, x3, #0x6d8
    20004b58:	aa0303e1 	mov	x1, x3
    20004b5c:	d503201f 	nop
    20004b60:	aa0103e2 	mov	x2, x1
    20004b64:	f9400021 	ldr	x1, [x1]
    20004b68:	eb00003f 	cmp	x1, x0
    20004b6c:	54ffffa3 	b.cc	20004b60 <prvInsertBlockIntoFreeList+0x10>  // b.lo, b.ul, b.last
    20004b70:	f9400445 	ldr	x5, [x2, #8]
    20004b74:	f9400404 	ldr	x4, [x0, #8]
    20004b78:	8b050046 	add	x6, x2, x5
    20004b7c:	eb06001f 	cmp	x0, x6
    20004b80:	54000220 	b.eq	20004bc4 <prvInsertBlockIntoFreeList+0x74>  // b.none
    20004b84:	8b040005 	add	x5, x0, x4
    20004b88:	eb05003f 	cmp	x1, x5
    20004b8c:	540000c0 	b.eq	20004ba4 <prvInsertBlockIntoFreeList+0x54>  // b.none
    20004b90:	f9000001 	str	x1, [x0]
    20004b94:	eb02001f 	cmp	x0, x2
    20004b98:	54000040 	b.eq	20004ba0 <prvInsertBlockIntoFreeList+0x50>  // b.none
    20004b9c:	f9000040 	str	x0, [x2]
    20004ba0:	d65f03c0 	ret
    20004ba4:	f9400863 	ldr	x3, [x3, #16]
    20004ba8:	eb03003f 	cmp	x1, x3
    20004bac:	54ffff20 	b.eq	20004b90 <prvInsertBlockIntoFreeList+0x40>  // b.none
    20004bb0:	f9400423 	ldr	x3, [x1, #8]
    20004bb4:	f9400021 	ldr	x1, [x1]
    20004bb8:	8b040064 	add	x4, x3, x4
    20004bbc:	a9001001 	stp	x1, x4, [x0]
    20004bc0:	17fffff5 	b	20004b94 <prvInsertBlockIntoFreeList+0x44>
    20004bc4:	8b050084 	add	x4, x4, x5
    20004bc8:	aa0203e0 	mov	x0, x2
    20004bcc:	f9000444 	str	x4, [x2, #8]
    20004bd0:	17ffffed 	b	20004b84 <prvInsertBlockIntoFreeList+0x34>

0000000020004bd4 <pvPortMalloc>:
    20004bd4:	a9be7bfd 	stp	x29, x30, [sp, #-32]!
    20004bd8:	910003fd 	mov	x29, sp
    20004bdc:	f9000bf3 	str	x19, [sp, #16]
    20004be0:	aa0003f3 	mov	x19, x0
    20004be4:	97fff6c3 	bl	200026f0 <vTaskSuspendAll>
    20004be8:	90000020 	adrp	x0, 20008000 <cached_request+0x90>
    20004bec:	911b6008 	add	x8, x0, #0x6d8
    20004bf0:	f9400901 	ldr	x1, [x8, #16]
    20004bf4:	b4000841 	cbz	x1, 20004cfc <pvPortMalloc+0x128>
    20004bf8:	b5000113 	cbnz	x19, 20004c18 <pvPortMalloc+0x44>
    20004bfc:	97fff6c5 	bl	20002710 <xTaskResumeAll>
    20004c00:	d2800013 	mov	x19, #0x0                   	// #0
    20004c04:	97fff16f 	bl	200011c0 <vApplicationMallocFailedHook>
    20004c08:	aa1303e0 	mov	x0, x19
    20004c0c:	f9400bf3 	ldr	x19, [sp, #16]
    20004c10:	a8c27bfd 	ldp	x29, x30, [sp], #32
    20004c14:	d65f03c0 	ret
    20004c18:	92400e61 	and	x1, x19, #0xf
    20004c1c:	d2800402 	mov	x2, #0x20                  	// #32
    20004c20:	cb010042 	sub	x2, x2, x1
    20004c24:	aa2203e1 	mvn	x1, x2
    20004c28:	eb13003f 	cmp	x1, x19
    20004c2c:	54fffe83 	b.cc	20004bfc <pvPortMalloc+0x28>  // b.lo, b.ul, b.last
    20004c30:	8b020262 	add	x2, x19, x2
    20004c34:	f100005f 	cmp	x2, #0x0
    20004c38:	54fffe2d 	b.le	20004bfc <pvPortMalloc+0x28>
    20004c3c:	f9401109 	ldr	x9, [x8, #32]
    20004c40:	eb02013f 	cmp	x9, x2
    20004c44:	54fffdc3 	b.cc	20004bfc <pvPortMalloc+0x28>  // b.lo, b.ul, b.last
    20004c48:	f9436c07 	ldr	x7, [x0, #1752]
    20004c4c:	aa0803e3 	mov	x3, x8
    20004c50:	14000005 	b	20004c64 <pvPortMalloc+0x90>
    20004c54:	f94000e0 	ldr	x0, [x7]
    20004c58:	b40000c0 	cbz	x0, 20004c70 <pvPortMalloc+0x9c>
    20004c5c:	aa0703e3 	mov	x3, x7
    20004c60:	aa0003e7 	mov	x7, x0
    20004c64:	f94004e1 	ldr	x1, [x7, #8]
    20004c68:	eb02003f 	cmp	x1, x2
    20004c6c:	54ffff43 	b.cc	20004c54 <pvPortMalloc+0x80>  // b.lo, b.ul, b.last
    20004c70:	f9400900 	ldr	x0, [x8, #16]
    20004c74:	eb07001f 	cmp	x0, x7
    20004c78:	54fffc20 	b.eq	20004bfc <pvPortMalloc+0x28>  // b.none
    20004c7c:	f9400073 	ldr	x19, [x3]
    20004c80:	cb020024 	sub	x4, x1, x2
    20004c84:	f94000e0 	ldr	x0, [x7]
    20004c88:	f9000060 	str	x0, [x3]
    20004c8c:	91004273 	add	x19, x19, #0x10
    20004c90:	f100809f 	cmp	x4, #0x20
    20004c94:	54000109 	b.ls	20004cb4 <pvPortMalloc+0xe0>  // b.plast
    20004c98:	8b0200e0 	add	x0, x7, x2
    20004c9c:	f2400c1f 	tst	x0, #0xf
    20004ca0:	54000561 	b.ne	20004d4c <pvPortMalloc+0x178>  // b.any
    20004ca4:	f9000404 	str	x4, [x0, #8]
    20004ca8:	f90004e2 	str	x2, [x7, #8]
    20004cac:	97ffffa9 	bl	20004b50 <prvInsertBlockIntoFreeList>
    20004cb0:	f94004e1 	ldr	x1, [x7, #8]
    20004cb4:	cb010129 	sub	x9, x9, x1
    20004cb8:	f9400d00 	ldr	x0, [x8, #24]
    20004cbc:	f9001109 	str	x9, [x8, #32]
    20004cc0:	eb00013f 	cmp	x9, x0
    20004cc4:	54000042 	b.cs	20004ccc <pvPortMalloc+0xf8>  // b.hs, b.nlast
    20004cc8:	f9000d09 	str	x9, [x8, #24]
    20004ccc:	f9401500 	ldr	x0, [x8, #40]
    20004cd0:	b2410021 	orr	x1, x1, #0x8000000000000000
    20004cd4:	a90004ff 	stp	xzr, x1, [x7]
    20004cd8:	91000400 	add	x0, x0, #0x1
    20004cdc:	f9001500 	str	x0, [x8, #40]
    20004ce0:	97fff68c 	bl	20002710 <xTaskResumeAll>
    20004ce4:	f2400e7f 	tst	x19, #0xf
    20004ce8:	54fff900 	b.eq	20004c08 <pvPortMalloc+0x34>  // b.none
    20004cec:	d0000000 	adrp	x0, 20006000 <xPortStartScheduler+0x40>
    20004cf0:	52802381 	mov	w1, #0x11c                 	// #284
    20004cf4:	91270000 	add	x0, x0, #0x9c0
    20004cf8:	97fff126 	bl	20001190 <amp_assert_failed>
    20004cfc:	90000021 	adrp	x1, 20008000 <cached_request+0x90>
    20004d00:	911c4021 	add	x1, x1, #0x710
    20004d04:	f2400c3f 	tst	x1, #0xf
    20004d08:	540001c0 	b.eq	20004d40 <pvPortMalloc+0x16c>  // b.none
    20004d0c:	91003c22 	add	x2, x1, #0xf
    20004d10:	927cec42 	and	x2, x2, #0xfffffffffffffff0
    20004d14:	aa0203e3 	mov	x3, x2
    20004d18:	b27c33e4 	mov	x4, #0x1fff0               	// #131056
    20004d1c:	8b040021 	add	x1, x1, x4
    20004d20:	927cec21 	and	x1, x1, #0xfffffffffffffff0
    20004d24:	f9036c03 	str	x3, [x0, #1752]
    20004d28:	a900851f 	stp	xzr, x1, [x8, #8]
    20004d2c:	cb020022 	sub	x2, x1, x2
    20004d30:	a9007c3f 	stp	xzr, xzr, [x1]
    20004d34:	a9000861 	stp	x1, x2, [x3]
    20004d38:	a9018902 	stp	x2, x2, [x8, #24]
    20004d3c:	17ffffaf 	b	20004bf8 <pvPortMalloc+0x24>
    20004d40:	aa0103e2 	mov	x2, x1
    20004d44:	aa0103e3 	mov	x3, x1
    20004d48:	17fffff4 	b	20004d18 <pvPortMalloc+0x144>
    20004d4c:	d0000000 	adrp	x0, 20006000 <xPortStartScheduler+0x40>
    20004d50:	52801b81 	mov	w1, #0xdc                  	// #220
    20004d54:	91270000 	add	x0, x0, #0x9c0
    20004d58:	97fff10e 	bl	20001190 <amp_assert_failed>
    20004d5c:	d503201f 	nop

0000000020004d60 <vPortFree>:
    20004d60:	b4000360 	cbz	x0, 20004dcc <vPortFree+0x6c>
    20004d64:	a9be7bfd 	stp	x29, x30, [sp, #-32]!
    20004d68:	aa0003e1 	mov	x1, x0
    20004d6c:	910003fd 	mov	x29, sp
    20004d70:	f9000bf3 	str	x19, [sp, #16]
    20004d74:	d1004013 	sub	x19, x0, #0x10
    20004d78:	f9400660 	ldr	x0, [x19, #8]
    20004d7c:	b6f80320 	tbz	x0, #63, 20004de0 <vPortFree+0x80>
    20004d80:	f85f0021 	ldur	x1, [x1, #-16]
    20004d84:	b5000261 	cbnz	x1, 20004dd0 <vPortFree+0x70>
    20004d88:	9240f800 	and	x0, x0, #0x7fffffffffffffff
    20004d8c:	f9000660 	str	x0, [x19, #8]
    20004d90:	97fff658 	bl	200026f0 <vTaskSuspendAll>
    20004d94:	90000027 	adrp	x7, 20008000 <cached_request+0x90>
    20004d98:	911b60e7 	add	x7, x7, #0x6d8
    20004d9c:	f9400661 	ldr	x1, [x19, #8]
    20004da0:	aa1303e0 	mov	x0, x19
    20004da4:	f94010e2 	ldr	x2, [x7, #32]
    20004da8:	8b020021 	add	x1, x1, x2
    20004dac:	f90010e1 	str	x1, [x7, #32]
    20004db0:	97ffff68 	bl	20004b50 <prvInsertBlockIntoFreeList>
    20004db4:	f94018e0 	ldr	x0, [x7, #48]
    20004db8:	f9400bf3 	ldr	x19, [sp, #16]
    20004dbc:	91000400 	add	x0, x0, #0x1
    20004dc0:	f90018e0 	str	x0, [x7, #48]
    20004dc4:	a8c27bfd 	ldp	x29, x30, [sp], #32
    20004dc8:	17fff652 	b	20002710 <xTaskResumeAll>
    20004dcc:	d65f03c0 	ret
    20004dd0:	d0000000 	adrp	x0, 20006000 <xPortStartScheduler+0x40>
    20004dd4:	52802601 	mov	w1, #0x130                 	// #304
    20004dd8:	91270000 	add	x0, x0, #0x9c0
    20004ddc:	97fff0ed 	bl	20001190 <amp_assert_failed>
    20004de0:	d0000000 	adrp	x0, 20006000 <xPortStartScheduler+0x40>
    20004de4:	528025e1 	mov	w1, #0x12f                 	// #303
    20004de8:	91270000 	add	x0, x0, #0x9c0
    20004dec:	97fff0e9 	bl	20001190 <amp_assert_failed>

0000000020004df0 <xPortGetFreeHeapSize>:
    20004df0:	90000020 	adrp	x0, 20008000 <cached_request+0x90>
    20004df4:	f9437c00 	ldr	x0, [x0, #1784]
    20004df8:	d65f03c0 	ret
    20004dfc:	d503201f 	nop

0000000020004e00 <xPortGetMinimumEverFreeHeapSize>:
    20004e00:	90000020 	adrp	x0, 20008000 <cached_request+0x90>
    20004e04:	f9437800 	ldr	x0, [x0, #1776]
    20004e08:	d65f03c0 	ret
    20004e0c:	d503201f 	nop

0000000020004e10 <vPortInitialiseBlocks>:
    20004e10:	d65f03c0 	ret

0000000020004e14 <pvPortCalloc>:
    20004e14:	a9be7bfd 	stp	x29, x30, [sp, #-32]!
    20004e18:	910003fd 	mov	x29, sp
    20004e1c:	a90153f3 	stp	x19, x20, [sp, #16]
    20004e20:	b4000080 	cbz	x0, 20004e30 <pvPortCalloc+0x1c>
    20004e24:	9bc07c22 	umulh	x2, x1, x0
    20004e28:	d2800014 	mov	x20, #0x0                   	// #0
    20004e2c:	b5000122 	cbnz	x2, 20004e50 <pvPortCalloc+0x3c>
    20004e30:	9b017c13 	mul	x19, x0, x1
    20004e34:	aa1303e0 	mov	x0, x19
    20004e38:	97ffff67 	bl	20004bd4 <pvPortMalloc>
    20004e3c:	aa0003f4 	mov	x20, x0
    20004e40:	b4000080 	cbz	x0, 20004e50 <pvPortCalloc+0x3c>
    20004e44:	aa1303e2 	mov	x2, x19
    20004e48:	52800001 	mov	w1, #0x0                   	// #0
    20004e4c:	97fff421 	bl	20001ed0 <memset>
    20004e50:	aa1403e0 	mov	x0, x20
    20004e54:	a94153f3 	ldp	x19, x20, [sp, #16]
    20004e58:	a8c27bfd 	ldp	x29, x30, [sp], #32
    20004e5c:	d65f03c0 	ret

0000000020004e60 <vPortGetHeapStats>:
    20004e60:	a9bc7bfd 	stp	x29, x30, [sp, #-64]!
    20004e64:	910003fd 	mov	x29, sp
    20004e68:	a90153f3 	stp	x19, x20, [sp, #16]
    20004e6c:	a9025bf5 	stp	x21, x22, [sp, #32]
    20004e70:	aa0003f6 	mov	x22, x0
    20004e74:	f9001bf7 	str	x23, [sp, #48]
    20004e78:	97fff61e 	bl	200026f0 <vTaskSuspendAll>
    20004e7c:	90000020 	adrp	x0, 20008000 <cached_request+0x90>
    20004e80:	911b6017 	add	x23, x0, #0x6d8
    20004e84:	f9436c02 	ldr	x2, [x0, #1752]
    20004e88:	b4000442 	cbz	x2, 20004f10 <vPortGetHeapStats+0xb0>
    20004e8c:	f9400ae0 	ldr	x0, [x23, #16]
    20004e90:	92800013 	mov	x19, #0xffffffffffffffff    	// #-1
    20004e94:	d2800014 	mov	x20, #0x0                   	// #0
    20004e98:	d2800015 	mov	x21, #0x0                   	// #0
    20004e9c:	eb00005f 	cmp	x2, x0
    20004ea0:	54000160 	b.eq	20004ecc <vPortGetHeapStats+0x6c>  // b.none
    20004ea4:	d503201f 	nop
    20004ea8:	f9400441 	ldr	x1, [x2, #8]
    20004eac:	910006b5 	add	x21, x21, #0x1
    20004eb0:	f9400042 	ldr	x2, [x2]
    20004eb4:	eb01029f 	cmp	x20, x1
    20004eb8:	9a812294 	csel	x20, x20, x1, cs  // cs = hs, nlast
    20004ebc:	eb01027f 	cmp	x19, x1
    20004ec0:	9a819273 	csel	x19, x19, x1, ls  // ls = plast
    20004ec4:	eb00005f 	cmp	x2, x0
    20004ec8:	54ffff01 	b.ne	20004ea8 <vPortGetHeapStats+0x48>  // b.any
    20004ecc:	97fff611 	bl	20002710 <xTaskResumeAll>
    20004ed0:	a900ced4 	stp	x20, x19, [x22, #8]
    20004ed4:	f9000ed5 	str	x21, [x22, #24]
    20004ed8:	9400045a 	bl	20006040 <vPortEnterCritical>
    20004edc:	f9400ee0 	ldr	x0, [x23, #24]
    20004ee0:	a94153f3 	ldp	x19, x20, [sp, #16]
    20004ee4:	f90012c0 	str	x0, [x22, #32]
    20004ee8:	f94012e0 	ldr	x0, [x23, #32]
    20004eec:	f90002c0 	str	x0, [x22]
    20004ef0:	f94016e0 	ldr	x0, [x23, #40]
    20004ef4:	f90016c0 	str	x0, [x22, #40]
    20004ef8:	f9401ae0 	ldr	x0, [x23, #48]
    20004efc:	f9401bf7 	ldr	x23, [sp, #48]
    20004f00:	f9001ac0 	str	x0, [x22, #48]
    20004f04:	a9425bf5 	ldp	x21, x22, [sp, #32]
    20004f08:	a8c47bfd 	ldp	x29, x30, [sp], #64
    20004f0c:	1400046d 	b	200060c0 <vPortExitCritical>
    20004f10:	92800013 	mov	x19, #0xffffffffffffffff    	// #-1
    20004f14:	d2800014 	mov	x20, #0x0                   	// #0
    20004f18:	d2800015 	mov	x21, #0x0                   	// #0
    20004f1c:	17ffffec 	b	20004ecc <vPortGetHeapStats+0x6c>

0000000020004f20 <frame_crc>:
    20004f20:	b4000321 	cbz	x1, 20004f84 <frame_crc+0x64>
    20004f24:	52906403 	mov	w3, #0x8320                	// #33568
    20004f28:	d100b025 	sub	x5, x1, #0x2c
    20004f2c:	9100b006 	add	x6, x0, #0x2c
    20004f30:	92800564 	mov	x4, #0xffffffffffffffd4    	// #-44
    20004f34:	12800000 	mov	w0, #0xffffffff            	// #-1
    20004f38:	72bdb703 	movk	w3, #0xedb8, lsl #16
    20004f3c:	d503201f 	nop
    20004f40:	386468c2 	ldrb	w2, [x6, x4]
    20004f44:	f1000c9f 	cmp	x4, #0x3
    20004f48:	52800101 	mov	w1, #0x8                   	// #8
    20004f4c:	4a020002 	eor	w2, w0, w2
    20004f50:	1a808040 	csel	w0, w2, w0, hi  // hi = pmore
    20004f54:	d503201f 	nop
    20004f58:	72000002 	ands	w2, w0, #0x1
    20004f5c:	53017c00 	lsr	w0, w0, #1
    20004f60:	4a030002 	eor	w2, w0, w3
    20004f64:	1a801040 	csel	w0, w2, w0, ne  // ne = any
    20004f68:	71000421 	subs	w1, w1, #0x1
    20004f6c:	54ffff61 	b.ne	20004f58 <frame_crc+0x38>  // b.any
    20004f70:	91000484 	add	x4, x4, #0x1
    20004f74:	eb0400bf 	cmp	x5, x4
    20004f78:	54fffe41 	b.ne	20004f40 <frame_crc+0x20>  // b.any
    20004f7c:	2a2003e0 	mvn	w0, w0
    20004f80:	d65f03c0 	ret
    20004f84:	52800000 	mov	w0, #0x0                   	// #0
    20004f88:	d65f03c0 	ret
    20004f8c:	d503201f 	nop

0000000020004f90 <amp_message_encode>:
    20004f90:	f100001f 	cmp	x0, #0x0
    20004f94:	fa401824 	ccmp	x1, #0x0, #0x4, ne  // ne = any
    20004f98:	54000e00 	b.eq	20005158 <amp_message_encode+0x1c8>  // b.none
    20004f9c:	aa0003e7 	mov	x7, x0
    20004fa0:	b9400020 	ldr	w0, [x1]
    20004fa4:	51000400 	sub	w0, w0, #0x1
    20004fa8:	7100081f 	cmp	w0, #0x2
    20004fac:	54000de8 	b.hi	20005168 <amp_message_encode+0x1d8>  // b.pmore
    20004fb0:	b9400420 	ldr	w0, [x1, #4]
    20004fb4:	7103401f 	cmp	w0, #0xd0
    20004fb8:	54000d48 	b.hi	20005160 <amp_message_encode+0x1d0>  // b.pmore
    20004fbc:	a9bf7bfd 	stp	x29, x30, [sp, #-16]!
    20004fc0:	d2800002 	mov	x2, #0x0                   	// #0
    20004fc4:	910003fd 	mov	x29, sp
    20004fc8:	382268ff 	strb	wzr, [x7, x2]
    20004fcc:	91000442 	add	x2, x2, #0x1
    20004fd0:	f104005f 	cmp	x2, #0x100
    20004fd4:	54ffffa1 	b.ne	20004fc8 <amp_message_encode+0x38>  // b.any
    20004fd8:	52800645 	mov	w5, #0x32                  	// #50
    20004fdc:	52800a04 	mov	w4, #0x50                  	// #80
    20004fe0:	528009a3 	mov	w3, #0x4d                  	// #77
    20004fe4:	52800822 	mov	w2, #0x41                  	// #65
    20004fe8:	52800040 	mov	w0, #0x2                   	// #2
    20004fec:	390000e5 	strb	w5, [x7]
    20004ff0:	390004e4 	strb	w4, [x7, #1]
    20004ff4:	390008e3 	strb	w3, [x7, #2]
    20004ff8:	39000ce2 	strb	w2, [x7, #3]
    20004ffc:	390010e0 	strb	w0, [x7, #4]
    20005000:	390014ff 	strb	wzr, [x7, #5]
    20005004:	390018ff 	strb	wzr, [x7, #6]
    20005008:	39001cff 	strb	wzr, [x7, #7]
    2000500c:	b9400020 	ldr	w0, [x1]
    20005010:	390020e0 	strb	w0, [x7, #8]
    20005014:	53087c03 	lsr	w3, w0, #8
    20005018:	53107c02 	lsr	w2, w0, #16
    2000501c:	53187c00 	lsr	w0, w0, #24
    20005020:	390024e3 	strb	w3, [x7, #9]
    20005024:	390028e2 	strb	w2, [x7, #10]
    20005028:	39002ce0 	strb	w0, [x7, #11]
    2000502c:	b9400420 	ldr	w0, [x1, #4]
    20005030:	390030e0 	strb	w0, [x7, #12]
    20005034:	53087c03 	lsr	w3, w0, #8
    20005038:	53107c02 	lsr	w2, w0, #16
    2000503c:	53187c00 	lsr	w0, w0, #24
    20005040:	390034e3 	strb	w3, [x7, #13]
    20005044:	390038e2 	strb	w2, [x7, #14]
    20005048:	39003ce0 	strb	w0, [x7, #15]
    2000504c:	f9400420 	ldr	x0, [x1, #8]
    20005050:	390040e0 	strb	w0, [x7, #16]
    20005054:	d360fc02 	lsr	x2, x0, #32
    20005058:	53087c08 	lsr	w8, w0, #8
    2000505c:	53107c06 	lsr	w6, w0, #16
    20005060:	53187c00 	lsr	w0, w0, #24
    20005064:	53187c43 	lsr	w3, w2, #24
    20005068:	53087c45 	lsr	w5, w2, #8
    2000506c:	53107c44 	lsr	w4, w2, #16
    20005070:	390044e8 	strb	w8, [x7, #17]
    20005074:	390048e6 	strb	w6, [x7, #18]
    20005078:	39004ce0 	strb	w0, [x7, #19]
    2000507c:	390050e2 	strb	w2, [x7, #20]
    20005080:	390054e5 	strb	w5, [x7, #21]
    20005084:	390058e4 	strb	w4, [x7, #22]
    20005088:	39005ce3 	strb	w3, [x7, #23]
    2000508c:	b9401020 	ldr	w0, [x1, #16]
    20005090:	390060e0 	strb	w0, [x7, #24]
    20005094:	53087c03 	lsr	w3, w0, #8
    20005098:	53107c02 	lsr	w2, w0, #16
    2000509c:	53187c00 	lsr	w0, w0, #24
    200050a0:	390064e3 	strb	w3, [x7, #25]
    200050a4:	390068e2 	strb	w2, [x7, #26]
    200050a8:	39006ce0 	strb	w0, [x7, #27]
    200050ac:	b9401420 	ldr	w0, [x1, #20]
    200050b0:	390070e0 	strb	w0, [x7, #28]
    200050b4:	53087c03 	lsr	w3, w0, #8
    200050b8:	53107c02 	lsr	w2, w0, #16
    200050bc:	53187c00 	lsr	w0, w0, #24
    200050c0:	390074e3 	strb	w3, [x7, #29]
    200050c4:	390078e2 	strb	w2, [x7, #30]
    200050c8:	39007ce0 	strb	w0, [x7, #31]
    200050cc:	b9401820 	ldr	w0, [x1, #24]
    200050d0:	390080e0 	strb	w0, [x7, #32]
    200050d4:	53087c03 	lsr	w3, w0, #8
    200050d8:	53107c02 	lsr	w2, w0, #16
    200050dc:	53187c00 	lsr	w0, w0, #24
    200050e0:	390084e3 	strb	w3, [x7, #33]
    200050e4:	390088e2 	strb	w2, [x7, #34]
    200050e8:	39008ce0 	strb	w0, [x7, #35]
    200050ec:	b9400420 	ldr	w0, [x1, #4]
    200050f0:	34000300 	cbz	w0, 20005150 <amp_message_encode+0x1c0>
    200050f4:	91007024 	add	x4, x1, #0x1c
    200050f8:	9100c0e3 	add	x3, x7, #0x30
    200050fc:	d2800000 	mov	x0, #0x0                   	// #0
    20005100:	38606882 	ldrb	w2, [x4, x0]
    20005104:	38206862 	strb	w2, [x3, x0]
    20005108:	91000400 	add	x0, x0, #0x1
    2000510c:	b9400422 	ldr	w2, [x1, #4]
    20005110:	eb22401f 	cmp	x0, w2, uxtw
    20005114:	54ffff63 	b.cc	20005100 <amp_message_encode+0x170>  // b.lo, b.ul, b.last
    20005118:	1100c041 	add	w1, w2, #0x30
    2000511c:	aa0703e0 	mov	x0, x7
    20005120:	97ffff80 	bl	20004f20 <frame_crc>
    20005124:	2a0003e1 	mov	w1, w0
    20005128:	3900b0e1 	strb	w1, [x7, #44]
    2000512c:	52800000 	mov	w0, #0x0                   	// #0
    20005130:	53087c23 	lsr	w3, w1, #8
    20005134:	53107c22 	lsr	w2, w1, #16
    20005138:	53187c21 	lsr	w1, w1, #24
    2000513c:	3900b4e3 	strb	w3, [x7, #45]
    20005140:	3900b8e2 	strb	w2, [x7, #46]
    20005144:	3900bce1 	strb	w1, [x7, #47]
    20005148:	a8c17bfd 	ldp	x29, x30, [sp], #16
    2000514c:	d65f03c0 	ret
    20005150:	d2800601 	mov	x1, #0x30                  	// #48
    20005154:	17fffff2 	b	2000511c <amp_message_encode+0x18c>
    20005158:	12800000 	mov	w0, #0xffffffff            	// #-1
    2000515c:	d65f03c0 	ret
    20005160:	12800060 	mov	w0, #0xfffffffc            	// #-4
    20005164:	d65f03c0 	ret
    20005168:	12800020 	mov	w0, #0xfffffffe            	// #-2
    2000516c:	d65f03c0 	ret

0000000020005170 <amp_message_decode>:
    20005170:	f100001f 	cmp	x0, #0x0
    20005174:	fa401824 	ccmp	x1, #0x0, #0x4, ne  // ne = any
    20005178:	54001200 	b.eq	200053b8 <amp_message_decode+0x248>  // b.none
    2000517c:	39400005 	ldrb	w5, [x0]
    20005180:	aa0103e8 	mov	x8, x1
    20005184:	39400403 	ldrb	w3, [x0, #1]
    20005188:	528a0644 	mov	w4, #0x5032                	// #20530
    2000518c:	39400802 	ldrb	w2, [x0, #2]
    20005190:	aa0003e7 	mov	x7, x0
    20005194:	39400c01 	ldrb	w1, [x0, #3]
    20005198:	72a829a4 	movk	w4, #0x414d, lsl #16
    2000519c:	aa0320a3 	orr	x3, x5, x3, lsl #8
    200051a0:	aa024062 	orr	x2, x3, x2, lsl #16
    200051a4:	aa016041 	orr	x1, x2, x1, lsl #24
    200051a8:	6b04003f 	cmp	w1, w4
    200051ac:	54000fa1 	b.ne	200053a0 <amp_message_decode+0x230>  // b.any
    200051b0:	39401004 	ldrb	w4, [x0, #4]
    200051b4:	39401403 	ldrb	w3, [x0, #5]
    200051b8:	39401802 	ldrb	w2, [x0, #6]
    200051bc:	39401c01 	ldrb	w1, [x0, #7]
    200051c0:	aa032083 	orr	x3, x4, x3, lsl #8
    200051c4:	aa024062 	orr	x2, x3, x2, lsl #16
    200051c8:	aa016041 	orr	x1, x2, x1, lsl #24
    200051cc:	7100083f 	cmp	w1, #0x2
    200051d0:	54000ec1 	b.ne	200053a8 <amp_message_decode+0x238>  // b.any
    200051d4:	39403003 	ldrb	w3, [x0, #12]
    200051d8:	39403409 	ldrb	w9, [x0, #13]
    200051dc:	39403801 	ldrb	w1, [x0, #14]
    200051e0:	39403c02 	ldrb	w2, [x0, #15]
    200051e4:	aa092069 	orr	x9, x3, x9, lsl #8
    200051e8:	aa014121 	orr	x1, x9, x1, lsl #16
    200051ec:	aa026029 	orr	x9, x1, x2, lsl #24
    200051f0:	7103413f 	cmp	w9, #0xd0
    200051f4:	54000e68 	b.hi	200053c0 <amp_message_decode+0x250>  // b.pmore
    200051f8:	a9bf7bfd 	stp	x29, x30, [sp, #-16]!
    200051fc:	1100c121 	add	w1, w9, #0x30
    20005200:	910003fd 	mov	x29, sp
    20005204:	97ffff47 	bl	20004f20 <frame_crc>
    20005208:	3940b0e4 	ldrb	w4, [x7, #44]
    2000520c:	3940b4e3 	ldrb	w3, [x7, #45]
    20005210:	3940b8e2 	ldrb	w2, [x7, #46]
    20005214:	3940bce1 	ldrb	w1, [x7, #47]
    20005218:	aa032083 	orr	x3, x4, x3, lsl #8
    2000521c:	aa024062 	orr	x2, x3, x2, lsl #16
    20005220:	aa016041 	orr	x1, x2, x1, lsl #24
    20005224:	6b01001f 	cmp	w0, w1
    20005228:	54000c41 	b.ne	200053b0 <amp_message_decode+0x240>  // b.any
    2000522c:	394020e3 	ldrb	w3, [x7, #8]
    20005230:	394024e2 	ldrb	w2, [x7, #9]
    20005234:	394028e1 	ldrb	w1, [x7, #10]
    20005238:	39402ce0 	ldrb	w0, [x7, #11]
    2000523c:	aa022062 	orr	x2, x3, x2, lsl #8
    20005240:	aa014041 	orr	x1, x2, x1, lsl #16
    20005244:	aa006020 	orr	x0, x1, x0, lsl #24
    20005248:	51000401 	sub	w1, w0, #0x1
    2000524c:	7100083f 	cmp	w1, #0x2
    20005250:	54000a48 	b.hi	20005398 <amp_message_decode+0x228>  // b.pmore
    20005254:	394090e4 	ldrb	w4, [x7, #36]
    20005258:	394094e3 	ldrb	w3, [x7, #37]
    2000525c:	394098e2 	ldrb	w2, [x7, #38]
    20005260:	39409ce1 	ldrb	w1, [x7, #39]
    20005264:	aa032083 	orr	x3, x4, x3, lsl #8
    20005268:	aa024062 	orr	x2, x3, x2, lsl #16
    2000526c:	aa016041 	orr	x1, x2, x1, lsl #24
    20005270:	b5000941 	cbnz	x1, 20005398 <amp_message_decode+0x228>
    20005274:	3940a0e4 	ldrb	w4, [x7, #40]
    20005278:	3940a4e3 	ldrb	w3, [x7, #41]
    2000527c:	3940a8e2 	ldrb	w2, [x7, #42]
    20005280:	3940ace1 	ldrb	w1, [x7, #43]
    20005284:	aa032083 	orr	x3, x4, x3, lsl #8
    20005288:	aa024062 	orr	x2, x3, x2, lsl #16
    2000528c:	aa016041 	orr	x1, x2, x1, lsl #24
    20005290:	b5000841 	cbnz	x1, 20005398 <amp_message_decode+0x228>
    20005294:	29002500 	stp	w0, w9, [x8]
    20005298:	2a0903e0 	mov	w0, w9
    2000529c:	394040e4 	ldrb	w4, [x7, #16]
    200052a0:	394044e3 	ldrb	w3, [x7, #17]
    200052a4:	394048e2 	ldrb	w2, [x7, #18]
    200052a8:	39404ce1 	ldrb	w1, [x7, #19]
    200052ac:	aa032083 	orr	x3, x4, x3, lsl #8
    200052b0:	394050e4 	ldrb	w4, [x7, #20]
    200052b4:	aa024062 	orr	x2, x3, x2, lsl #16
    200052b8:	394054e3 	ldrb	w3, [x7, #21]
    200052bc:	aa016041 	orr	x1, x2, x1, lsl #24
    200052c0:	394058e2 	ldrb	w2, [x7, #22]
    200052c4:	aa048024 	orr	x4, x1, x4, lsl #32
    200052c8:	39405ce1 	ldrb	w1, [x7, #23]
    200052cc:	aa03a083 	orr	x3, x4, x3, lsl #40
    200052d0:	aa02c062 	orr	x2, x3, x2, lsl #48
    200052d4:	aa01e041 	orr	x1, x2, x1, lsl #56
    200052d8:	f9000501 	str	x1, [x8, #8]
    200052dc:	394060e4 	ldrb	w4, [x7, #24]
    200052e0:	394064e3 	ldrb	w3, [x7, #25]
    200052e4:	394068e2 	ldrb	w2, [x7, #26]
    200052e8:	39406ce1 	ldrb	w1, [x7, #27]
    200052ec:	aa032083 	orr	x3, x4, x3, lsl #8
    200052f0:	aa024062 	orr	x2, x3, x2, lsl #16
    200052f4:	aa016041 	orr	x1, x2, x1, lsl #24
    200052f8:	b9001101 	str	w1, [x8, #16]
    200052fc:	394070e4 	ldrb	w4, [x7, #28]
    20005300:	394074e3 	ldrb	w3, [x7, #29]
    20005304:	394078e2 	ldrb	w2, [x7, #30]
    20005308:	39407ce1 	ldrb	w1, [x7, #31]
    2000530c:	aa032083 	orr	x3, x4, x3, lsl #8
    20005310:	aa024062 	orr	x2, x3, x2, lsl #16
    20005314:	aa016041 	orr	x1, x2, x1, lsl #24
    20005318:	b9001501 	str	w1, [x8, #20]
    2000531c:	394080e4 	ldrb	w4, [x7, #32]
    20005320:	394084e3 	ldrb	w3, [x7, #33]
    20005324:	394088e2 	ldrb	w2, [x7, #34]
    20005328:	39408ce1 	ldrb	w1, [x7, #35]
    2000532c:	aa032083 	orr	x3, x4, x3, lsl #8
    20005330:	aa024062 	orr	x2, x3, x2, lsl #16
    20005334:	aa016041 	orr	x1, x2, x1, lsl #24
    20005338:	b9001901 	str	w1, [x8, #24]
    2000533c:	b4000289 	cbz	x9, 2000538c <amp_message_decode+0x21c>
    20005340:	9100c0e7 	add	x7, x7, #0x30
    20005344:	91007102 	add	x2, x8, #0x1c
    20005348:	d2800001 	mov	x1, #0x0                   	// #0
    2000534c:	d503201f 	nop
    20005350:	386168e3 	ldrb	w3, [x7, x1]
    20005354:	38216843 	strb	w3, [x2, x1]
    20005358:	91000421 	add	x1, x1, #0x1
    2000535c:	eb00003f 	cmp	x1, x0
    20005360:	54ffff81 	b.ne	20005350 <amp_message_decode+0x1e0>  // b.any
    20005364:	f103401f 	cmp	x0, #0xd0
    20005368:	540000c0 	b.eq	20005380 <amp_message_decode+0x210>  // b.none
    2000536c:	d503201f 	nop
    20005370:	3820685f 	strb	wzr, [x2, x0]
    20005374:	91000400 	add	x0, x0, #0x1
    20005378:	f103401f 	cmp	x0, #0xd0
    2000537c:	54ffffa1 	b.ne	20005370 <amp_message_decode+0x200>  // b.any
    20005380:	52800000 	mov	w0, #0x0                   	// #0
    20005384:	a8c17bfd 	ldp	x29, x30, [sp], #16
    20005388:	d65f03c0 	ret
    2000538c:	91007102 	add	x2, x8, #0x1c
    20005390:	d2800000 	mov	x0, #0x0                   	// #0
    20005394:	17fffff7 	b	20005370 <amp_message_decode+0x200>
    20005398:	12800020 	mov	w0, #0xfffffffe            	// #-2
    2000539c:	17fffffa 	b	20005384 <amp_message_decode+0x214>
    200053a0:	12800020 	mov	w0, #0xfffffffe            	// #-2
    200053a4:	d65f03c0 	ret
    200053a8:	12800040 	mov	w0, #0xfffffffd            	// #-3
    200053ac:	d65f03c0 	ret
    200053b0:	12800080 	mov	w0, #0xfffffffb            	// #-5
    200053b4:	17fffff4 	b	20005384 <amp_message_decode+0x214>
    200053b8:	12800000 	mov	w0, #0xffffffff            	// #-1
    200053bc:	d65f03c0 	ret
    200053c0:	12800060 	mov	w0, #0xfffffffc            	// #-4
    200053c4:	d65f03c0 	ret
	...

00000000200053d0 <amp_transport_init>:
    200053d0:	b40002c0 	cbz	x0, 20005428 <amp_transport_init+0x58>
    200053d4:	aa0003e1 	mov	x1, x0
    200053d8:	b800443f 	str	wzr, [x1], #4
    200053dc:	d5033fbf 	dmb	sy
    200053e0:	910d0002 	add	x2, x0, #0x340
    200053e4:	d503201f 	nop
    200053e8:	3800143f 	strb	wzr, [x1], #1
    200053ec:	eb02003f 	cmp	x1, x2
    200053f0:	54ffffc1 	b.ne	200053e8 <amp_transport_init+0x18>  // b.any
    200053f4:	52800041 	mov	w1, #0x2                   	// #2
    200053f8:	b9000401 	str	w1, [x0, #4]
    200053fc:	52806801 	mov	w1, #0x340                 	// #832
    20005400:	b9000801 	str	w1, [x0, #8]
    20005404:	52802001 	mov	w1, #0x100                 	// #256
    20005408:	b9000c01 	str	w1, [x0, #12]
    2000540c:	d5033fbf 	dmb	sy
    20005410:	528a0641 	mov	w1, #0x5032                	// #20530
    20005414:	72a82a81 	movk	w1, #0x4154, lsl #16
    20005418:	b9000001 	str	w1, [x0]
    2000541c:	d5033fbf 	dmb	sy
    20005420:	52800000 	mov	w0, #0x0                   	// #0
    20005424:	d65f03c0 	ret
    20005428:	12800120 	mov	w0, #0xfffffff6            	// #-10
    2000542c:	d65f03c0 	ret

0000000020005430 <amp_transport_ready>:
    20005430:	b4000280 	cbz	x0, 20005480 <amp_transport_ready+0x50>
    20005434:	b9400002 	ldr	w2, [x0]
    20005438:	528a0641 	mov	w1, #0x5032                	// #20530
    2000543c:	72a82a81 	movk	w1, #0x4154, lsl #16
    20005440:	6b01005f 	cmp	w2, w1
    20005444:	540001a1 	b.ne	20005478 <amp_transport_ready+0x48>  // b.any
    20005448:	d5033fbf 	dmb	sy
    2000544c:	b9400401 	ldr	w1, [x0, #4]
    20005450:	7100083f 	cmp	w1, #0x2
    20005454:	54000121 	b.ne	20005478 <amp_transport_ready+0x48>  // b.any
    20005458:	b9400801 	ldr	w1, [x0, #8]
    2000545c:	710d003f 	cmp	w1, #0x340
    20005460:	540000c1 	b.ne	20005478 <amp_transport_ready+0x48>  // b.any
    20005464:	b9400c01 	ldr	w1, [x0, #12]
    20005468:	52800000 	mov	w0, #0x0                   	// #0
    2000546c:	7104003f 	cmp	w1, #0x100
    20005470:	54000041 	b.ne	20005478 <amp_transport_ready+0x48>  // b.any
    20005474:	d65f03c0 	ret
    20005478:	12800140 	mov	w0, #0xfffffff5            	// #-11
    2000547c:	d65f03c0 	ret
    20005480:	12800120 	mov	w0, #0xfffffff6            	// #-10
    20005484:	d65f03c0 	ret
    20005488:	d503201f 	nop
    2000548c:	d503201f 	nop

0000000020005490 <amp_channel_send>:
    20005490:	f100001f 	cmp	x0, #0x0
    20005494:	fa401824 	ccmp	x1, #0x0, #0x4, ne  // ne = any
    20005498:	54000420 	b.eq	2000551c <amp_channel_send+0x8c>  // b.none
    2000549c:	a9ae7bfd 	stp	x29, x30, [sp, #-288]!
    200054a0:	910003fd 	mov	x29, sp
    200054a4:	a90153f3 	stp	x19, x20, [sp, #16]
    200054a8:	aa0003f3 	mov	x19, x0
    200054ac:	52800040 	mov	w0, #0x2                   	// #2
    200054b0:	b9400274 	ldr	w20, [x19]
    200054b4:	b9404262 	ldr	w2, [x19, #64]
    200054b8:	6b02029f 	cmp	w20, w2
    200054bc:	54000080 	b.eq	200054cc <amp_channel_send+0x3c>  // b.none
    200054c0:	a94153f3 	ldp	x19, x20, [sp, #16]
    200054c4:	a8d27bfd 	ldp	x29, x30, [sp], #288
    200054c8:	d65f03c0 	ret
    200054cc:	d5033fbf 	dmb	sy
    200054d0:	910083e0 	add	x0, sp, #0x20
    200054d4:	97fffeaf 	bl	20004f90 <amp_message_encode>
    200054d8:	35ffff40 	cbnz	w0, 200054c0 <amp_channel_send+0x30>
    200054dc:	910083e2 	add	x2, sp, #0x20
    200054e0:	d2800001 	mov	x1, #0x0                   	// #0
    200054e4:	d503201f 	nop
    200054e8:	8b010263 	add	x3, x19, x1
    200054ec:	38401444 	ldrb	w4, [x2], #1
    200054f0:	91000421 	add	x1, x1, #0x1
    200054f4:	39020064 	strb	w4, [x3, #128]
    200054f8:	f104003f 	cmp	x1, #0x100
    200054fc:	54ffff61 	b.ne	200054e8 <amp_channel_send+0x58>  // b.any
    20005500:	d5033fbf 	dmb	sy
    20005504:	11000694 	add	w20, w20, #0x1
    20005508:	b9000274 	str	w20, [x19]
    2000550c:	d5033fbf 	dmb	sy
    20005510:	a94153f3 	ldp	x19, x20, [sp, #16]
    20005514:	a8d27bfd 	ldp	x29, x30, [sp], #288
    20005518:	d65f03c0 	ret
    2000551c:	12800120 	mov	w0, #0xfffffff6            	// #-10
    20005520:	d65f03c0 	ret

0000000020005524 <amp_channel_receive>:
    20005524:	f100001f 	cmp	x0, #0x0
    20005528:	fa401824 	ccmp	x1, #0x0, #0x4, ne  // ne = any
    2000552c:	54000360 	b.eq	20005598 <amp_channel_receive+0x74>  // b.none
    20005530:	aa0003e5 	mov	x5, x0
    20005534:	52800020 	mov	w0, #0x1                   	// #1
    20005538:	b94000a6 	ldr	w6, [x5]
    2000553c:	b94040a2 	ldr	w2, [x5, #64]
    20005540:	6b0200df 	cmp	w6, w2
    20005544:	54000280 	b.eq	20005594 <amp_channel_receive+0x70>  // b.none
    20005548:	a9af7bfd 	stp	x29, x30, [sp, #-272]!
    2000554c:	910003fd 	mov	x29, sp
    20005550:	d5033fbf 	dmb	sy
    20005554:	910043e3 	add	x3, sp, #0x10
    20005558:	d2800002 	mov	x2, #0x0                   	// #0
    2000555c:	d503201f 	nop
    20005560:	8b0200a4 	add	x4, x5, x2
    20005564:	91000442 	add	x2, x2, #0x1
    20005568:	39420084 	ldrb	w4, [x4, #128]
    2000556c:	38001464 	strb	w4, [x3], #1
    20005570:	f104005f 	cmp	x2, #0x100
    20005574:	54ffff61 	b.ne	20005560 <amp_channel_receive+0x3c>  // b.any
    20005578:	d5033fbf 	dmb	sy
    2000557c:	b90040a6 	str	w6, [x5, #64]
    20005580:	d5033fbf 	dmb	sy
    20005584:	910043e0 	add	x0, sp, #0x10
    20005588:	97fffefa 	bl	20005170 <amp_message_decode>
    2000558c:	a8d17bfd 	ldp	x29, x30, [sp], #272
    20005590:	d65f03c0 	ret
    20005594:	d65f03c0 	ret
    20005598:	12800120 	mov	w0, #0xfffffff6            	// #-10
    2000559c:	d65f03c0 	ret

00000000200055a0 <board_led_get>:
    200055a0:	d2bfd840 	mov	x0, #0xfec20000            	// #4274126848
    200055a4:	b9400000 	ldr	w0, [x0]
    200055a8:	d5033f9f 	dsb	sy
    200055ac:	d3430c00 	ubfx	x0, x0, #3, #1
    200055b0:	d65f03c0 	ret

00000000200055b4 <board_led_set>:
    200055b4:	7100041f 	cmp	w0, #0x1
    200055b8:	540001c8 	b.hi	200055f0 <board_led_set+0x3c>  // b.pmore
    200055bc:	d2bfd842 	mov	x2, #0xfec20000            	// #4274126848
    200055c0:	7100001f 	cmp	w0, #0x0
    200055c4:	320d83e3 	mov	w3, #0x80008               	// #524296
    200055c8:	52a00101 	mov	w1, #0x80000               	// #524288
    200055cc:	1a830021 	csel	w1, w1, w3, eq  // eq = none
    200055d0:	b9000041 	str	w1, [x2]
    200055d4:	d5033f9f 	dsb	sy
    200055d8:	b9400041 	ldr	w1, [x2]
    200055dc:	d5033f9f 	dsb	sy
    200055e0:	d3430c21 	ubfx	x1, x1, #3, #1
    200055e4:	4a000020 	eor	w0, w1, w0
    200055e8:	4b0003e0 	neg	w0, w0
    200055ec:	d65f03c0 	ret
    200055f0:	12800000 	mov	w0, #0xffffffff            	// #-1
    200055f4:	d65f03c0 	ret
    200055f8:	d503201f 	nop
    200055fc:	d503201f 	nop

0000000020005600 <board_led_init>:
    20005600:	d2800f00 	mov	x0, #0x78                  	// #120
    20005604:	f2bfd840 	movk	x0, #0xfec2, lsl #16
    20005608:	b9400000 	ldr	w0, [x0]
    2000560c:	d5033f9f 	dsb	sy
    20005610:	52818561 	mov	w1, #0xc2b                 	// #3115
    20005614:	72a02001 	movk	w1, #0x100, lsl #16
    20005618:	6b01001f 	cmp	w0, w1
    2000561c:	5282af81 	mov	w1, #0x157c                	// #5500
    20005620:	72a02021 	movk	w1, #0x101, lsl #16
    20005624:	7a411004 	ccmp	w0, w1, #0x4, ne  // ne = any
    20005628:	54000101 	b.ne	20005648 <board_led_init+0x48>  // b.any
    2000562c:	d2bfd840 	mov	x0, #0xfec20000            	// #4274126848
    20005630:	52a00101 	mov	w1, #0x80000               	// #524288
    20005634:	b9000001 	str	w1, [x0]
    20005638:	d5033f9f 	dsb	sy
    2000563c:	b9400000 	ldr	w0, [x0]
    20005640:	d5033f9f 	dsb	sy
    20005644:	36180060 	tbz	w0, #3, 20005650 <board_led_init+0x50>
    20005648:	12800000 	mov	w0, #0xffffffff            	// #-1
    2000564c:	d65f03c0 	ret
    20005650:	d2800100 	mov	x0, #0x8                   	// #8
    20005654:	320d83e1 	mov	w1, #0x80008               	// #524296
    20005658:	f2bfd840 	movk	x0, #0xfec2, lsl #16
    2000565c:	b9000001 	str	w1, [x0]
    20005660:	d5033f9f 	dsb	sy
    20005664:	b9400000 	ldr	w0, [x0]
    20005668:	d5033f9f 	dsb	sy
    2000566c:	d27d0000 	eor	x0, x0, #0x8
    20005670:	13030c00 	sbfx	w0, w0, #3, #1
    20005674:	d65f03c0 	ret
	...

0000000020005680 <get_faults>:
    20005680:	f0000102 	adrp	x2, 20028000 <ucHeap+0x1f8f0>
    20005684:	911c4041 	add	x1, x2, #0x710
    20005688:	f9438843 	ldr	x3, [x2, #1808]
    2000568c:	a9409422 	ldp	x2, x5, [x1, #8]
    20005690:	cb030003 	sub	x3, x0, x3
    20005694:	f101907f 	cmp	x3, #0x64
    20005698:	b9401823 	ldr	w3, [x1, #24]
    2000569c:	1a9f97e1 	cset	w1, hi  // hi = pmore
    200056a0:	321f0024 	orr	w4, w1, #0x2
    200056a4:	cb020002 	sub	x2, x0, x2
    200056a8:	cb050000 	sub	x0, x0, x5
    200056ac:	f101905f 	cmp	x2, #0x64
    200056b0:	1a818081 	csel	w1, w4, w1, hi  // hi = pmore
    200056b4:	f101901f 	cmp	x0, #0x64
    200056b8:	321e0020 	orr	w0, w1, #0x4
    200056bc:	1a818001 	csel	w1, w0, w1, hi  // hi = pmore
    200056c0:	7100007f 	cmp	w3, #0x0
    200056c4:	321d0020 	orr	w0, w1, #0x8
    200056c8:	1a811000 	csel	w0, w0, w1, ne  // ne = any
    200056cc:	d65f03c0 	ret

00000000200056d0 <monitor_task>:
    200056d0:	a9bd7bfd 	stp	x29, x30, [sp, #-48]!
    200056d4:	910003fd 	mov	x29, sp
    200056d8:	f9000bf3 	str	x19, [sp, #16]
    200056dc:	f0000113 	adrp	x19, 20028000 <ucHeap+0x1f8f0>
    200056e0:	911c4273 	add	x19, x19, #0x710
    200056e4:	97fff4cf 	bl	20002a20 <xTaskGetTickCount>
    200056e8:	f90017e0 	str	x0, [sp, #40]
    200056ec:	d503201f 	nop
    200056f0:	94000254 	bl	20006040 <vPortEnterCritical>
    200056f4:	97fff4cb 	bl	20002a20 <xTaskGetTickCount>
    200056f8:	aa0003e6 	mov	x6, x0
    200056fc:	97ffffe1 	bl	20005680 <get_faults>
    20005700:	f9000a66 	str	x6, [x19, #16]
    20005704:	29438662 	ldp	w2, w1, [x19, #28]
    20005708:	2a000042 	orr	w2, w2, w0
    2000570c:	11000421 	add	w1, w1, #0x1
    20005710:	29038662 	stp	w2, w1, [x19, #28]
    20005714:	9400026b 	bl	200060c0 <vPortExitCritical>
    20005718:	9100a3e0 	add	x0, sp, #0x28
    2000571c:	d2800141 	mov	x1, #0xa                   	// #10
    20005720:	97fff475 	bl	200028f4 <xTaskDelayUntil>
    20005724:	17fffff3 	b	200056f0 <monitor_task+0x20>
    20005728:	d503201f 	nop
    2000572c:	d503201f 	nop

0000000020005730 <monitor_beat>:
    20005730:	a9be7bfd 	stp	x29, x30, [sp, #-32]!
    20005734:	910003fd 	mov	x29, sp
    20005738:	a90153f3 	stp	x19, x20, [sp, #16]
    2000573c:	f0000113 	adrp	x19, 20028000 <ucHeap+0x1f8f0>
    20005740:	911c4273 	add	x19, x19, #0x710
    20005744:	2a0003f4 	mov	w20, w0
    20005748:	b9402660 	ldr	w0, [x19, #36]
    2000574c:	340001c0 	cbz	w0, 20005784 <monitor_beat+0x54>
    20005750:	7100069f 	cmp	w20, #0x1
    20005754:	54000208 	b.hi	20005794 <monitor_beat+0x64>  // b.pmore
    20005758:	9400023a 	bl	20006040 <vPortEnterCritical>
    2000575c:	97fff4b1 	bl	20002a20 <xTaskGetTickCount>
    20005760:	f8345a60 	str	x0, [x19, w20, uxtw #3]
    20005764:	b9402a62 	ldr	w2, [x19, #40]
    20005768:	52800021 	mov	w1, #0x1                   	// #1
    2000576c:	1ad42021 	lsl	w1, w1, w20
    20005770:	2a020021 	orr	w1, w1, w2
    20005774:	b9002a61 	str	w1, [x19, #40]
    20005778:	a94153f3 	ldp	x19, x20, [sp, #16]
    2000577c:	a8c27bfd 	ldp	x29, x30, [sp], #32
    20005780:	14000250 	b	200060c0 <vPortExitCritical>
    20005784:	b0000000 	adrp	x0, 20006000 <xPortStartScheduler+0x40>
    20005788:	52800601 	mov	w1, #0x30                  	// #48
    2000578c:	9127e000 	add	x0, x0, #0x9f8
    20005790:	97ffee80 	bl	20001190 <amp_assert_failed>
    20005794:	b0000000 	adrp	x0, 20006000 <xPortStartScheduler+0x40>
    20005798:	52800621 	mov	w1, #0x31                  	// #49
    2000579c:	9127e000 	add	x0, x0, #0x9f8
    200057a0:	97ffee7c 	bl	20001190 <amp_assert_failed>

00000000200057a4 <monitor_report_led_fault>:
    200057a4:	a9be7bfd 	stp	x29, x30, [sp, #-32]!
    200057a8:	910003fd 	mov	x29, sp
    200057ac:	f9000bf3 	str	x19, [sp, #16]
    200057b0:	f0000113 	adrp	x19, 20028000 <ucHeap+0x1f8f0>
    200057b4:	911c4273 	add	x19, x19, #0x710
    200057b8:	b9402660 	ldr	w0, [x19, #36]
    200057bc:	34000120 	cbz	w0, 200057e0 <monitor_report_led_fault+0x3c>
    200057c0:	94000220 	bl	20006040 <vPortEnterCritical>
    200057c4:	b9401e60 	ldr	w0, [x19, #28]
    200057c8:	52800021 	mov	w1, #0x1                   	// #1
    200057cc:	321d0000 	orr	w0, w0, #0x8
    200057d0:	29030261 	stp	w1, w0, [x19, #24]
    200057d4:	f9400bf3 	ldr	x19, [sp, #16]
    200057d8:	a8c27bfd 	ldp	x29, x30, [sp], #32
    200057dc:	14000239 	b	200060c0 <vPortExitCritical>
    200057e0:	b0000000 	adrp	x0, 20006000 <xPortStartScheduler+0x40>
    200057e4:	528007c1 	mov	w1, #0x3e                  	// #62
    200057e8:	9127e000 	add	x0, x0, #0x9f8
    200057ec:	97ffee69 	bl	20001190 <amp_assert_failed>

00000000200057f0 <monitor_snapshot>:
    200057f0:	a9bd7bfd 	stp	x29, x30, [sp, #-48]!
    200057f4:	910003fd 	mov	x29, sp
    200057f8:	a90153f3 	stp	x19, x20, [sp, #16]
    200057fc:	aa0003f3 	mov	x19, x0
    20005800:	f90013f5 	str	x21, [sp, #32]
    20005804:	f0000115 	adrp	x21, 20028000 <ucHeap+0x1f8f0>
    20005808:	911c42b4 	add	x20, x21, #0x710
    2000580c:	b9402680 	ldr	w0, [x20, #36]
    20005810:	34000a20 	cbz	w0, 20005954 <monitor_snapshot+0x164>
    20005814:	b4000993 	cbz	x19, 20005944 <monitor_snapshot+0x154>
    20005818:	9400020a 	bl	20006040 <vPortEnterCritical>
    2000581c:	97fff481 	bl	20002a20 <xTaskGetTickCount>
    20005820:	aa0003e6 	mov	x6, x0
    20005824:	97ffff97 	bl	20005680 <get_faults>
    20005828:	29438e82 	ldp	w2, w3, [x20, #28]
    2000582c:	b9402a81 	ldr	w1, [x20, #40]
    20005830:	2a020002 	orr	w2, w0, w2
    20005834:	b9001e82 	str	w2, [x20, #28]
    20005838:	71000c3f 	cmp	w1, #0x3
    2000583c:	540007e0 	b.eq	20005938 <monitor_snapshot+0x148>  // b.none
    20005840:	52800004 	mov	w4, #0x0                   	// #0
    20005844:	f9438aa1 	ldr	x1, [x21, #1808]
    20005848:	29000264 	stp	w4, w0, [x19]
    2000584c:	29010e62 	stp	w2, w3, [x19, #8]
    20005850:	d2c00c84 	mov	x4, #0x6400000000          	// #429496729600
    20005854:	cb0100c0 	sub	x0, x6, x1
    20005858:	12800002 	mov	w2, #0xffffffff            	// #-1
    2000585c:	d37be801 	lsl	x1, x0, #5
    20005860:	cb000021 	sub	x1, x1, x0
    20005864:	8b010801 	add	x1, x0, x1, lsl #2
    20005868:	d37df021 	lsl	x1, x1, #3
    2000586c:	eb04003f 	cmp	x1, x4
    20005870:	54000102 	b.cs	20005890 <monitor_snapshot+0xa0>  // b.hs, b.nlast
    20005874:	d29eb860 	mov	x0, #0xf5c3                	// #62915
    20005878:	d342fc21 	lsr	x1, x1, #2
    2000587c:	f2ab8500 	movk	x0, #0x5c28, lsl #16
    20005880:	f2d851e0 	movk	x0, #0xc28f, lsl #32
    20005884:	f2e51ea0 	movk	x0, #0x28f5, lsl #48
    20005888:	9bc07c21 	umulh	x1, x1, x0
    2000588c:	d3428422 	ubfx	x2, x1, #2, #32
    20005890:	f9400681 	ldr	x1, [x20, #8]
    20005894:	b9001262 	str	w2, [x19, #16]
    20005898:	d2c00c83 	mov	x3, #0x6400000000          	// #429496729600
    2000589c:	12800002 	mov	w2, #0xffffffff            	// #-1
    200058a0:	cb0100c0 	sub	x0, x6, x1
    200058a4:	d37be801 	lsl	x1, x0, #5
    200058a8:	cb000021 	sub	x1, x1, x0
    200058ac:	8b010801 	add	x1, x0, x1, lsl #2
    200058b0:	d37df021 	lsl	x1, x1, #3
    200058b4:	eb03003f 	cmp	x1, x3
    200058b8:	54000102 	b.cs	200058d8 <monitor_snapshot+0xe8>  // b.hs, b.nlast
    200058bc:	d29eb860 	mov	x0, #0xf5c3                	// #62915
    200058c0:	d342fc21 	lsr	x1, x1, #2
    200058c4:	f2ab8500 	movk	x0, #0x5c28, lsl #16
    200058c8:	f2d851e0 	movk	x0, #0xc28f, lsl #32
    200058cc:	f2e51ea0 	movk	x0, #0x28f5, lsl #48
    200058d0:	9bc07c21 	umulh	x1, x1, x0
    200058d4:	d3428422 	ubfx	x2, x1, #2, #32
    200058d8:	f9400a80 	ldr	x0, [x20, #16]
    200058dc:	b9001662 	str	w2, [x19, #20]
    200058e0:	12800001 	mov	w1, #0xffffffff            	// #-1
    200058e4:	d2c00c82 	mov	x2, #0x6400000000          	// #429496729600
    200058e8:	cb0000c6 	sub	x6, x6, x0
    200058ec:	d37be8c0 	lsl	x0, x6, #5
    200058f0:	cb060000 	sub	x0, x0, x6
    200058f4:	8b0008c0 	add	x0, x6, x0, lsl #2
    200058f8:	d37df000 	lsl	x0, x0, #3
    200058fc:	eb02001f 	cmp	x0, x2
    20005900:	54000102 	b.cs	20005920 <monitor_snapshot+0x130>  // b.hs, b.nlast
    20005904:	d29eb861 	mov	x1, #0xf5c3                	// #62915
    20005908:	d342fc00 	lsr	x0, x0, #2
    2000590c:	f2ab8501 	movk	x1, #0x5c28, lsl #16
    20005910:	f2d851e1 	movk	x1, #0xc28f, lsl #32
    20005914:	f2e51ea1 	movk	x1, #0x28f5, lsl #48
    20005918:	9bc17c00 	umulh	x0, x0, x1
    2000591c:	d3428401 	ubfx	x1, x0, #2, #32
    20005920:	b9401a80 	ldr	w0, [x20, #24]
    20005924:	f94013f5 	ldr	x21, [sp, #32]
    20005928:	29030261 	stp	w1, w0, [x19, #24]
    2000592c:	a94153f3 	ldp	x19, x20, [sp, #16]
    20005930:	a8c37bfd 	ldp	x29, x30, [sp], #48
    20005934:	140001e3 	b	200060c0 <vPortExitCritical>
    20005938:	52800024 	mov	w4, #0x1                   	// #1
    2000593c:	35fff843 	cbnz	w3, 20005844 <monitor_snapshot+0x54>
    20005940:	17ffffc0 	b	20005840 <monitor_snapshot+0x50>
    20005944:	b0000000 	adrp	x0, 20006000 <xPortStartScheduler+0x40>
    20005948:	52800981 	mov	w1, #0x4c                  	// #76
    2000594c:	9127e000 	add	x0, x0, #0x9f8
    20005950:	97ffee10 	bl	20001190 <amp_assert_failed>
    20005954:	b0000000 	adrp	x0, 20006000 <xPortStartScheduler+0x40>
    20005958:	52800961 	mov	w1, #0x4b                  	// #75
    2000595c:	9127e000 	add	x0, x0, #0x9f8
    20005960:	97ffee0c 	bl	20001190 <amp_assert_failed>

0000000020005964 <monitor_init>:
    20005964:	a9bd7bfd 	stp	x29, x30, [sp, #-48]!
    20005968:	910003fd 	mov	x29, sp
    2000596c:	a90153f3 	stp	x19, x20, [sp, #16]
    20005970:	f90013f5 	str	x21, [sp, #32]
    20005974:	f0000115 	adrp	x21, 20028000 <ucHeap+0x1f8f0>
    20005978:	911c42b3 	add	x19, x21, #0x710
    2000597c:	b9402674 	ldr	w20, [x19, #36]
    20005980:	35000334 	cbnz	w20, 200059e4 <monitor_init+0x80>
    20005984:	97fff427 	bl	20002a20 <xTaskGetTickCount>
    20005988:	aa0003e6 	mov	x6, x0
    2000598c:	52800027 	mov	w7, #0x1                   	// #1
    20005990:	f9038aa0 	str	x0, [x21, #1808]
    20005994:	b0000001 	adrp	x1, 20006000 <xPortStartScheduler+0x40>
    20005998:	90000000 	adrp	x0, 20005000 <amp_message_encode+0x70>
    2000599c:	91284021 	add	x1, x1, #0xa10
    200059a0:	911b4000 	add	x0, x0, #0x6d0
    200059a4:	d2800005 	mov	x5, #0x0                   	// #0
    200059a8:	d2800084 	mov	x4, #0x4                   	// #4
    200059ac:	d2800003 	mov	x3, #0x0                   	// #0
    200059b0:	52804002 	mov	w2, #0x200                 	// #512
    200059b4:	a9009a66 	stp	x6, x6, [x19, #8]
    200059b8:	29037e7f 	stp	wzr, wzr, [x19, #24]
    200059bc:	29041e7f 	stp	wzr, w7, [x19, #32]
    200059c0:	b9002a7f 	str	wzr, [x19, #40]
    200059c4:	97fff274 	bl	20002394 <xTaskCreate>
    200059c8:	f100041f 	cmp	x0, #0x1
    200059cc:	54000101 	b.ne	200059ec <monitor_init+0x88>  // b.any
    200059d0:	2a1403e0 	mov	w0, w20
    200059d4:	a94153f3 	ldp	x19, x20, [sp, #16]
    200059d8:	f94013f5 	ldr	x21, [sp, #32]
    200059dc:	a8c37bfd 	ldp	x29, x30, [sp], #48
    200059e0:	d65f03c0 	ret
    200059e4:	12800014 	mov	w20, #0xffffffff            	// #-1
    200059e8:	17fffffa 	b	200059d0 <monitor_init+0x6c>
    200059ec:	12800014 	mov	w20, #0xffffffff            	// #-1
    200059f0:	b900267f 	str	wzr, [x19, #36]
    200059f4:	17fffff7 	b	200059d0 <monitor_init+0x6c>
	...

0000000020005a00 <control_task>:
    20005a00:	a9b97bfd 	stp	x29, x30, [sp, #-112]!
    20005a04:	f0000100 	adrp	x0, 20028000 <ucHeap+0x1f8f0>
    20005a08:	910003fd 	mov	x29, sp
    20005a0c:	a90153f3 	stp	x19, x20, [sp, #16]
    20005a10:	911d0013 	add	x19, x0, #0x740
    20005a14:	b907401f 	str	wzr, [x0, #1856]
    20005a18:	2900fe7f 	stp	wzr, wzr, [x19, #4]
    20005a1c:	a9025bf5 	stp	x21, x22, [sp, #32]
    20005a20:	97fffef8 	bl	20005600 <board_led_init>
    20005a24:	7100001f 	cmp	w0, #0x0
    20005a28:	1a9f17e0 	cset	w0, eq  // eq = none
    20005a2c:	d2800155 	mov	x21, #0xa                   	// #10
    20005a30:	b9000e60 	str	w0, [x19, #12]
    20005a34:	1400000c 	b	20005a64 <control_task+0x64>
    20005a38:	b9400260 	ldr	w0, [x19]
    20005a3c:	7100081f 	cmp	w0, #0x2
    20005a40:	54000700 	b.eq	20005b20 <control_task+0x120>  // b.none
    20005a44:	d2800154 	mov	x20, #0xa                   	// #10
    20005a48:	f9401260 	ldr	x0, [x19, #32]
    20005a4c:	aa1403e2 	mov	x2, x20
    20005a50:	9100e3e1 	add	x1, sp, #0x38
    20005a54:	97fff9cc 	bl	20004184 <xQueueReceive>
    20005a58:	aa0003f4 	mov	x20, x0
    20005a5c:	f100041f 	cmp	x0, #0x1
    20005a60:	54000220 	b.eq	20005aa4 <control_task+0xa4>  // b.none
    20005a64:	52800020 	mov	w0, #0x1                   	// #1
    20005a68:	97ffff32 	bl	20005730 <monitor_beat>
    20005a6c:	b9400e60 	ldr	w0, [x19, #12]
    20005a70:	35fffe40 	cbnz	w0, 20005a38 <control_task+0x38>
    20005a74:	97ffff4c 	bl	200057a4 <monitor_report_led_fault>
    20005a78:	b9400e60 	ldr	w0, [x19, #12]
    20005a7c:	35fffde0 	cbnz	w0, 20005a38 <control_task+0x38>
    20005a80:	d2800154 	mov	x20, #0xa                   	// #10
    20005a84:	97ffff48 	bl	200057a4 <monitor_report_led_fault>
    20005a88:	f9401260 	ldr	x0, [x19, #32]
    20005a8c:	aa1403e2 	mov	x2, x20
    20005a90:	9100e3e1 	add	x1, sp, #0x38
    20005a94:	97fff9bc 	bl	20004184 <xQueueReceive>
    20005a98:	aa0003f4 	mov	x20, x0
    20005a9c:	f100041f 	cmp	x0, #0x1
    20005aa0:	54fffe21 	b.ne	20005a64 <control_task+0x64>  // b.any
    20005aa4:	b9400e60 	ldr	w0, [x19, #12]
    20005aa8:	f9401fe1 	ldr	x1, [sp, #56]
    20005aac:	f9002be1 	str	x1, [sp, #80]
    20005ab0:	b94043e1 	ldr	w1, [sp, #64]
    20005ab4:	b9005be1 	str	w1, [sp, #88]
    20005ab8:	34000680 	cbz	w0, 20005b88 <control_task+0x188>
    20005abc:	b94047f6 	ldr	w22, [sp, #68]
    20005ac0:	71000adf 	cmp	w22, #0x2
    20005ac4:	54000a00 	b.eq	20005c04 <control_task+0x204>  // b.none
    20005ac8:	54000708 	b.hi	20005ba8 <control_task+0x1a8>  // b.pmore
    20005acc:	b9404be0 	ldr	w0, [sp, #72]
    20005ad0:	34000520 	cbz	w0, 20005b74 <control_task+0x174>
    20005ad4:	d503201f 	nop
    20005ad8:	97fffeb2 	bl	200055a0 <board_led_get>
    20005adc:	b9000660 	str	w0, [x19, #4]
    20005ae0:	29410662 	ldp	w2, w1, [x19, #8]
    20005ae4:	290c8be0 	stp	w0, w2, [sp, #100]
    20005ae8:	b9400263 	ldr	w3, [x19]
    20005aec:	290b8ff4 	stp	w20, w3, [sp, #92]
    20005af0:	34000581 	cbz	w1, 20005ba0 <control_task+0x1a0>
    20005af4:	f9401660 	ldr	x0, [x19, #40]
    20005af8:	910143e1 	add	x1, sp, #0x50
    20005afc:	d2800003 	mov	x3, #0x0                   	// #0
    20005b00:	d2800002 	mov	x2, #0x0                   	// #0
    20005b04:	97fff858 	bl	20003c64 <xQueueGenericSend>
    20005b08:	f100041f 	cmp	x0, #0x1
    20005b0c:	54fffac0 	b.eq	20005a64 <control_task+0x64>  // b.none
    20005b10:	b0000000 	adrp	x0, 20006000 <xPortStartScheduler+0x40>
    20005b14:	528016a1 	mov	w1, #0xb5                  	// #181
    20005b18:	91286000 	add	x0, x0, #0xa18
    20005b1c:	97ffed9d 	bl	20001190 <amp_assert_failed>
    20005b20:	97fff3c0 	bl	20002a20 <xTaskGetTickCount>
    20005b24:	a9410662 	ldp	x2, x1, [x19, #16]
    20005b28:	cb020000 	sub	x0, x0, x2
    20005b2c:	eb00003f 	cmp	x1, x0
    20005b30:	54000489 	b.ls	20005bc0 <control_task+0x1c0>  // b.plast
    20005b34:	b9400e63 	ldr	w3, [x19, #12]
    20005b38:	34fffa43 	cbz	w3, 20005a80 <control_task+0x80>
    20005b3c:	97fff3b9 	bl	20002a20 <xTaskGetTickCount>
    20005b40:	d2800014 	mov	x20, #0x0                   	// #0
    20005b44:	a9410a61 	ldp	x1, x2, [x19, #16]
    20005b48:	cb010003 	sub	x3, x0, x1
    20005b4c:	eb03005f 	cmp	x2, x3
    20005b50:	540000a9 	b.ls	20005b64 <control_task+0x164>  // b.plast
    20005b54:	8b020021 	add	x1, x1, x2
    20005b58:	cb000034 	sub	x20, x1, x0
    20005b5c:	f1002a9f 	cmp	x20, #0xa
    20005b60:	9a959294 	csel	x20, x20, x21, ls  // ls = plast
    20005b64:	b9400e60 	ldr	w0, [x19, #12]
    20005b68:	35fff700 	cbnz	w0, 20005a48 <control_task+0x48>
    20005b6c:	97ffff0e 	bl	200057a4 <monitor_report_led_fault>
    20005b70:	17ffffc6 	b	20005a88 <control_task+0x88>
    20005b74:	2a1603e0 	mov	w0, w22
    20005b78:	97fffe8f 	bl	200055b4 <board_led_set>
    20005b7c:	34000880 	cbz	w0, 20005c8c <control_task+0x28c>
    20005b80:	b9000e7f 	str	wzr, [x19, #12]
    20005b84:	d503201f 	nop
    20005b88:	b9400660 	ldr	w0, [x19, #4]
    20005b8c:	52800041 	mov	w1, #0x2                   	// #2
    20005b90:	b9400263 	ldr	w3, [x19]
    20005b94:	b9400a62 	ldr	w2, [x19, #8]
    20005b98:	290b8fe1 	stp	w1, w3, [sp, #92]
    20005b9c:	290c8be0 	stp	w0, w2, [sp, #100]
    20005ba0:	97ffff01 	bl	200057a4 <monitor_report_led_fault>
    20005ba4:	17ffffd4 	b	20005af4 <control_task+0xf4>
    20005ba8:	71000edf 	cmp	w22, #0x3
    20005bac:	54fff961 	b.ne	20005ad8 <control_task+0xd8>  // b.any
    20005bb0:	b9404be0 	ldr	w0, [sp, #72]
    20005bb4:	7100001f 	cmp	w0, #0x0
    20005bb8:	1a9f07f4 	cset	w20, ne  // ne = any
    20005bbc:	17ffffc7 	b	20005ad8 <control_task+0xd8>
    20005bc0:	9ac10814 	udiv	x20, x0, x1
    20005bc4:	370000d4 	tbnz	w20, #0, 20005bdc <control_task+0x1dc>
    20005bc8:	b9400e63 	ldr	w3, [x19, #12]
    20005bcc:	9b010a80 	madd	x0, x20, x1, x2
    20005bd0:	f9000a60 	str	x0, [x19, #16]
    20005bd4:	34fff563 	cbz	w3, 20005a80 <control_task+0x80>
    20005bd8:	17ffffd9 	b	20005b3c <control_task+0x13c>
    20005bdc:	b9400660 	ldr	w0, [x19, #4]
    20005be0:	52000000 	eor	w0, w0, #0x1
    20005be4:	97fffe74 	bl	200055b4 <board_led_set>
    20005be8:	34000460 	cbz	w0, 20005c74 <control_task+0x274>
    20005bec:	a9410660 	ldp	x0, x1, [x19, #16]
    20005bf0:	b9000e7f 	str	wzr, [x19, #12]
    20005bf4:	9b010280 	madd	x0, x20, x1, x0
    20005bf8:	d2800154 	mov	x20, #0xa                   	// #10
    20005bfc:	f9000a60 	str	x0, [x19, #16]
    20005c00:	17ffffa1 	b	20005a84 <control_task+0x84>
    20005c04:	b9404be0 	ldr	w0, [sp, #72]
    20005c08:	5284d581 	mov	w1, #0x26ac                	// #9900
    20005c0c:	51019002 	sub	w2, w0, #0x64
    20005c10:	6b01005f 	cmp	w2, w1
    20005c14:	54fff628 	b.hi	20005ad8 <control_task+0xd8>  // b.pmore
    20005c18:	52800282 	mov	w2, #0x14                  	// #20
    20005c1c:	1ac20801 	udiv	w1, w0, w2
    20005c20:	1b028020 	msub	w0, w1, w2, w0
    20005c24:	35fff5a0 	cbnz	w0, 20005ad8 <control_task+0xd8>
    20005c28:	2a1403e0 	mov	w0, w20
    20005c2c:	97fffe62 	bl	200055b4 <board_led_set>
    20005c30:	35fffa80 	cbnz	w0, 20005b80 <control_task+0x180>
    20005c34:	b9404be1 	ldr	w1, [sp, #72]
    20005c38:	52800c83 	mov	w3, #0x64                  	// #100
    20005c3c:	d2807d02 	mov	x2, #0x3e8                 	// #1000
    20005c40:	29005276 	stp	w22, w20, [x19]
    20005c44:	b9000a61 	str	w1, [x19, #8]
    20005c48:	53017c20 	lsr	w0, w1, #1
    20005c4c:	9ba37c00 	umull	x0, w0, w3
    20005c50:	9ac20800 	udiv	x0, x0, x2
    20005c54:	f9000e60 	str	x0, [x19, #24]
    20005c58:	97fff372 	bl	20002a20 <xTaskGetTickCount>
    20005c5c:	f9000a60 	str	x0, [x19, #16]
    20005c60:	b9400e60 	ldr	w0, [x19, #12]
    20005c64:	35000200 	cbnz	w0, 20005ca4 <control_task+0x2a4>
    20005c68:	b9400660 	ldr	w0, [x19, #4]
    20005c6c:	52800001 	mov	w1, #0x0                   	// #0
    20005c70:	17ffffc8 	b	20005b90 <control_task+0x190>
    20005c74:	b9400660 	ldr	w0, [x19, #4]
    20005c78:	b9400e63 	ldr	w3, [x19, #12]
    20005c7c:	52000000 	eor	w0, w0, #0x1
    20005c80:	b9000660 	str	w0, [x19, #4]
    20005c84:	a9410662 	ldp	x2, x1, [x19, #16]
    20005c88:	17ffffd1 	b	20005bcc <control_task+0x1cc>
    20005c8c:	b94047e0 	ldr	w0, [sp, #68]
    20005c90:	b9000260 	str	w0, [x19]
    20005c94:	97fffe43 	bl	200055a0 <board_led_get>
    20005c98:	2900fe60 	stp	w0, wzr, [x19, #4]
    20005c9c:	b9400e60 	ldr	w0, [x19, #12]
    20005ca0:	17fffff1 	b	20005c64 <control_task+0x264>
    20005ca4:	52800014 	mov	w20, #0x0                   	// #0
    20005ca8:	17ffff8c 	b	20005ad8 <control_task+0xd8>
    20005cac:	d503201f 	nop

0000000020005cb0 <control_init>:
    20005cb0:	a9be7bfd 	stp	x29, x30, [sp, #-32]!
    20005cb4:	910003fd 	mov	x29, sp
    20005cb8:	f9000bf3 	str	x19, [sp, #16]
    20005cbc:	f0000113 	adrp	x19, 20028000 <ucHeap+0x1f8f0>
    20005cc0:	911d0273 	add	x19, x19, #0x740
    20005cc4:	f9401260 	ldr	x0, [x19, #32]
    20005cc8:	b5000400 	cbnz	x0, 20005d48 <control_init+0x98>
    20005ccc:	f9401660 	ldr	x0, [x19, #40]
    20005cd0:	b50003c0 	cbnz	x0, 20005d48 <control_init+0x98>
    20005cd4:	52800002 	mov	w2, #0x0                   	// #0
    20005cd8:	d2800301 	mov	x1, #0x18                  	// #24
    20005cdc:	d2800020 	mov	x0, #0x1                   	// #1
    20005ce0:	97fff7c1 	bl	20003be4 <xQueueGenericCreate>
    20005ce4:	f9001260 	str	x0, [x19, #32]
    20005ce8:	b4000300 	cbz	x0, 20005d48 <control_init+0x98>
    20005cec:	52800002 	mov	w2, #0x0                   	// #0
    20005cf0:	d2800401 	mov	x1, #0x20                  	// #32
    20005cf4:	d2800020 	mov	x0, #0x1                   	// #1
    20005cf8:	97fff7bb 	bl	20003be4 <xQueueGenericCreate>
    20005cfc:	f9001660 	str	x0, [x19, #40]
    20005d00:	b4000360 	cbz	x0, 20005d6c <control_init+0xbc>
    20005d04:	b0000001 	adrp	x1, 20006000 <xPortStartScheduler+0x40>
    20005d08:	9128c021 	add	x1, x1, #0xa30
    20005d0c:	90000000 	adrp	x0, 20005000 <amp_message_encode+0x70>
    20005d10:	d2800005 	mov	x5, #0x0                   	// #0
    20005d14:	91280000 	add	x0, x0, #0xa00
    20005d18:	d2800064 	mov	x4, #0x3                   	// #3
    20005d1c:	d2800003 	mov	x3, #0x0                   	// #0
    20005d20:	52804002 	mov	w2, #0x200                 	// #512
    20005d24:	b900327f 	str	wzr, [x19, #48]
    20005d28:	97fff19b 	bl	20002394 <xTaskCreate>
    20005d2c:	aa0003e1 	mov	x1, x0
    20005d30:	52800000 	mov	w0, #0x0                   	// #0
    20005d34:	f100043f 	cmp	x1, #0x1
    20005d38:	540000c1 	b.ne	20005d50 <control_init+0xa0>  // b.any
    20005d3c:	f9400bf3 	ldr	x19, [sp, #16]
    20005d40:	a8c27bfd 	ldp	x29, x30, [sp], #32
    20005d44:	d65f03c0 	ret
    20005d48:	12800000 	mov	w0, #0xffffffff            	// #-1
    20005d4c:	17fffffc 	b	20005d3c <control_init+0x8c>
    20005d50:	f9401260 	ldr	x0, [x19, #32]
    20005d54:	97fffb1c 	bl	200049c4 <vQueueDelete>
    20005d58:	f9401660 	ldr	x0, [x19, #40]
    20005d5c:	97fffb1a 	bl	200049c4 <vQueueDelete>
    20005d60:	a9027e7f 	stp	xzr, xzr, [x19, #32]
    20005d64:	12800000 	mov	w0, #0xffffffff            	// #-1
    20005d68:	17fffff5 	b	20005d3c <control_init+0x8c>
    20005d6c:	f9401260 	ldr	x0, [x19, #32]
    20005d70:	97fffb15 	bl	200049c4 <vQueueDelete>
    20005d74:	f900127f 	str	xzr, [x19, #32]
    20005d78:	12800000 	mov	w0, #0xffffffff            	// #-1
    20005d7c:	17fffff0 	b	20005d3c <control_init+0x8c>

0000000020005d80 <control_submit>:
    20005d80:	a9be7bfd 	stp	x29, x30, [sp, #-32]!
    20005d84:	910003fd 	mov	x29, sp
    20005d88:	a90153f3 	stp	x19, x20, [sp, #16]
    20005d8c:	b4000240 	cbz	x0, 20005dd4 <control_submit+0x54>
    20005d90:	f0000113 	adrp	x19, 20028000 <ucHeap+0x1f8f0>
    20005d94:	911d0273 	add	x19, x19, #0x740
    20005d98:	aa0003e1 	mov	x1, x0
    20005d9c:	f9401260 	ldr	x0, [x19, #32]
    20005da0:	b40001a0 	cbz	x0, 20005dd4 <control_submit+0x54>
    20005da4:	b9403274 	ldr	w20, [x19, #48]
    20005da8:	35000174 	cbnz	w20, 20005dd4 <control_submit+0x54>
    20005dac:	d2800003 	mov	x3, #0x0                   	// #0
    20005db0:	d2800002 	mov	x2, #0x0                   	// #0
    20005db4:	97fff7ac 	bl	20003c64 <xQueueGenericSend>
    20005db8:	f100041f 	cmp	x0, #0x1
    20005dbc:	540000c1 	b.ne	20005dd4 <control_submit+0x54>  // b.any
    20005dc0:	b9003260 	str	w0, [x19, #48]
    20005dc4:	2a1403e0 	mov	w0, w20
    20005dc8:	a94153f3 	ldp	x19, x20, [sp, #16]
    20005dcc:	a8c27bfd 	ldp	x29, x30, [sp], #32
    20005dd0:	d65f03c0 	ret
    20005dd4:	12800014 	mov	w20, #0xffffffff            	// #-1
    20005dd8:	17fffffb 	b	20005dc4 <control_submit+0x44>
    20005ddc:	d503201f 	nop

0000000020005de0 <control_receive>:
    20005de0:	b40002e0 	cbz	x0, 20005e3c <control_receive+0x5c>
    20005de4:	a9be7bfd 	stp	x29, x30, [sp, #-32]!
    20005de8:	aa0003e1 	mov	x1, x0
    20005dec:	910003fd 	mov	x29, sp
    20005df0:	f9000bf3 	str	x19, [sp, #16]
    20005df4:	f0000113 	adrp	x19, 20028000 <ucHeap+0x1f8f0>
    20005df8:	911d0273 	add	x19, x19, #0x740
    20005dfc:	f9401660 	ldr	x0, [x19, #40]
    20005e00:	b4000220 	cbz	x0, 20005e44 <control_receive+0x64>
    20005e04:	b9403262 	ldr	w2, [x19, #48]
    20005e08:	350000a2 	cbnz	w2, 20005e1c <control_receive+0x3c>
    20005e0c:	52800000 	mov	w0, #0x0                   	// #0
    20005e10:	f9400bf3 	ldr	x19, [sp, #16]
    20005e14:	a8c27bfd 	ldp	x29, x30, [sp], #32
    20005e18:	d65f03c0 	ret
    20005e1c:	d2800002 	mov	x2, #0x0                   	// #0
    20005e20:	97fff8d9 	bl	20004184 <xQueueReceive>
    20005e24:	f100041f 	cmp	x0, #0x1
    20005e28:	54ffff21 	b.ne	20005e0c <control_receive+0x2c>  // b.any
    20005e2c:	b900327f 	str	wzr, [x19, #48]
    20005e30:	f9400bf3 	ldr	x19, [sp, #16]
    20005e34:	a8c27bfd 	ldp	x29, x30, [sp], #32
    20005e38:	d65f03c0 	ret
    20005e3c:	12800000 	mov	w0, #0xffffffff            	// #-1
    20005e40:	d65f03c0 	ret
    20005e44:	12800000 	mov	w0, #0xffffffff            	// #-1
    20005e48:	f9400bf3 	ldr	x19, [sp, #16]
    20005e4c:	a8c27bfd 	ldp	x29, x30, [sp], #32
    20005e50:	d65f03c0 	ret
	...

0000000020005e60 <pxPortInitialiseStack>:
    20005e60:	a9be7bfd 	stp	x29, x30, [sp, #-32]!
    20005e64:	aa0003e3 	mov	x3, x0
    20005e68:	5282e2e5 	mov	w5, #0x1717                	// #5911
    20005e6c:	910003fd 	mov	x29, sp
    20005e70:	33103ca5 	bfi	w5, w5, #16, #16
    20005e74:	5282c2ca 	mov	w10, #0x1616                	// #5654
    20005e78:	5283232b 	mov	w11, #0x1919                	// #6425
    20005e7c:	f9000bf3 	str	x19, [sp, #16]
    20005e80:	33103d4a 	bfi	w10, w10, #16, #16
    20005e84:	33103d6b 	bfi	w11, w11, #16, #16
    20005e88:	52826269 	mov	w9, #0x1313                	// #4883
    20005e8c:	52824248 	mov	w8, #0x1212                	// #4626
    20005e90:	5282a2a7 	mov	w7, #0x1515                	// #5397
    20005e94:	52828286 	mov	w6, #0x1414                	// #5140
    20005e98:	5284242d 	mov	w13, #0x2121                	// #8481
    20005e9c:	292f1465 	stp	w5, w5, [x3, #-136]
    20005ea0:	b205c7e5 	mov	x5, #0x1818181818181818    	// #1736164148113840152
    20005ea4:	d1402064 	sub	x4, x3, #0x8, lsl #12
    20005ea8:	33103d29 	bfi	w9, w9, #16, #16
    20005eac:	33103d08 	bfi	w8, w8, #16, #16
    20005eb0:	33103ce7 	bfi	w7, w7, #16, #16
    20005eb4:	33103cc6 	bfi	w6, w6, #16, #16
    20005eb8:	33103dad 	bfi	w13, w13, #16, #16
    20005ebc:	5280a0ac 	mov	w12, #0x505                 	// #1285
    20005ec0:	52812120 	mov	w0, #0x909                 	// #2313
    20005ec4:	f8160065 	stur	x5, [x3, #-160]
    20005ec8:	b203c3e5 	mov	x5, #0x2020202020202020    	// #2314885530818453536
    20005ecc:	292d2c6b 	stp	w11, w11, [x3, #-152]
    20005ed0:	b200e3eb 	mov	x11, #0x1111111111111111    	// #1229782938247303441
    20005ed4:	292e286a 	stp	w10, w10, [x3, #-144]
    20005ed8:	b204c3ea 	mov	x10, #0x1010101010101010    	// #1157442765409226768
    20005edc:	33103d8c 	bfi	w12, w12, #16, #16
    20005ee0:	33103c00 	bfi	w0, w0, #16, #16
    20005ee4:	b206c3fe 	mov	x30, #0x404040404040404     	// #289360691352306692
    20005ee8:	b205c3ee 	mov	x14, #0x808080808080808     	// #578721382704613384
    20005eec:	b200cbf3 	mov	x19, #0x707070707070707     	// #506381209866536711
    20005ef0:	f8150065 	stur	x5, [x3, #-176]
    20005ef4:	52846465 	mov	w5, #0x2323                	// #8995
    20005ef8:	292b346d 	stp	w13, w13, [x3, #-168]
    20005efc:	b207c7ed 	mov	x13, #0x606060606060606     	// #434041037028460038
    20005f00:	29301866 	stp	w6, w6, [x3, #-128]
    20005f04:	5284a4a6 	mov	w6, #0x2525                	// #9509
    20005f08:	29311c67 	stp	w7, w7, [x3, #-120]
    20005f0c:	52848487 	mov	w7, #0x2424                	// #9252
    20005f10:	29322068 	stp	w8, w8, [x3, #-112]
    20005f14:	5284e4e8 	mov	w8, #0x2727                	// #10023
    20005f18:	29332469 	stp	w9, w9, [x3, #-104]
    20005f1c:	5284c4c9 	mov	w9, #0x2626                	// #9766
    20005f20:	a93a2c6a 	stp	x10, x11, [x3, #-96]
    20005f24:	5285252a 	mov	w10, #0x2929                	// #10537
    20005f28:	5285050b 	mov	w11, #0x2828                	// #10280
    20005f2c:	f81b006e 	stur	x14, [x3, #-80]
    20005f30:	33103cc6 	bfi	w6, w6, #16, #16
    20005f34:	29370060 	stp	w0, w0, [x3, #-72]
    20005f38:	33103ce7 	bfi	w7, w7, #16, #16
    20005f3c:	f81c006d 	stur	x13, [x3, #-64]
    20005f40:	33103d08 	bfi	w8, w8, #16, #16
    20005f44:	a93cf873 	stp	x19, x30, [x3, #-56]
    20005f48:	33103d29 	bfi	w9, w9, #16, #16
    20005f4c:	33103d4a 	bfi	w10, w10, #16, #16
    20005f50:	293b306c 	stp	w12, w12, [x3, #-40]
    20005f54:	33103d6b 	bfi	w11, w11, #16, #16
    20005f58:	33103ca5 	bfi	w5, w5, #16, #16
    20005f5c:	b200c3ef 	mov	x15, #0x101010101010101     	// #72340172838076673
    20005f60:	b200c7f0 	mov	x16, #0x303030303030303     	// #217020518514230019
    20005f64:	b207c3f1 	mov	x17, #0x202020202020202     	// #144680345676153346
    20005f68:	b203e3ee 	mov	x14, #0x2222222222222222    	// #2459565876494606882
    20005f6c:	a93e4071 	stp	x17, x16, [x3, #-32]
    20005f70:	d280008d 	mov	x13, #0x4                   	// #4
    20005f74:	a9307c7f 	stp	xzr, xzr, [x3, #-256]
    20005f78:	d1048060 	sub	x0, x3, #0x120
    20005f7c:	29222c6b 	stp	w11, w11, [x3, #-240]
    20005f80:	2923286a 	stp	w10, w10, [x3, #-232]
    20005f84:	29242469 	stp	w9, w9, [x3, #-224]
    20005f88:	29252068 	stp	w8, w8, [x3, #-216]
    20005f8c:	29261c67 	stp	w7, w7, [x3, #-208]
    20005f90:	29271866 	stp	w6, w6, [x3, #-200]
    20005f94:	f814006e 	stur	x14, [x3, #-192]
    20005f98:	a93f3c62 	stp	x2, x15, [x3, #-16]
    20005f9c:	f9400bf3 	ldr	x19, [sp, #16]
    20005fa0:	29291465 	stp	w5, w5, [x3, #-184]
    20005fa4:	f93f709f 	str	xzr, [x4, #32480]
    20005fa8:	f93f749f 	str	xzr, [x4, #32488]
    20005fac:	f93f7881 	str	x1, [x4, #32496]
    20005fb0:	f93f7c8d 	str	x13, [x4, #32504]
    20005fb4:	a8c27bfd 	ldp	x29, x30, [sp], #32
    20005fb8:	d65f03c0 	ret
    20005fbc:	d503201f 	nop

0000000020005fc0 <xPortStartScheduler>:
    20005fc0:	a9bf7bfd 	stp	x29, x30, [sp, #-16]!
    20005fc4:	910003fd 	mov	x29, sp
    20005fc8:	d5384240 	mrs	x0, currentel
    20005fcc:	121e0400 	and	w0, w0, #0xc
    20005fd0:	7100101f 	cmp	w0, #0x4
    20005fd4:	54000121 	b.ne	20005ff8 <xPortStartScheduler+0x38>  // b.any
    20005fd8:	d50342df 	msr	daifset, #0x2
    20005fdc:	d5033f9f 	dsb	sy
    20005fe0:	d5033fdf 	isb
    20005fe4:	97ffed3c 	bl	200014d4 <amp_setup_tick>
    20005fe8:	94000146 	bl	20006500 <vPortRestoreTaskContext>
    20005fec:	d2800000 	mov	x0, #0x0                   	// #0
    20005ff0:	a8c17bfd 	ldp	x29, x30, [sp], #16
    20005ff4:	d65f03c0 	ret
    20005ff8:	b0000000 	adrp	x0, 20006000 <xPortStartScheduler+0x40>
    20005ffc:	52802081 	mov	w1, #0x104                 	// #260
    20006000:	9128e000 	add	x0, x0, #0xa38
    20006004:	97ffec63 	bl	20001190 <amp_assert_failed>
    20006008:	d503201f 	nop
    2000600c:	d503201f 	nop

0000000020006010 <vPortEndScheduler>:
    20006010:	b0000000 	adrp	x0, 20007000 <ullMaxAPIPriorityMask+0x580>
    20006014:	f947a400 	ldr	x0, [x0, #3912]
    20006018:	f10fa01f 	cmp	x0, #0x3e8
    2000601c:	54000041 	b.ne	20006024 <vPortEndScheduler+0x14>  // b.any
    20006020:	d65f03c0 	ret
    20006024:	a9bf7bfd 	stp	x29, x30, [sp, #-16]!
    20006028:	90000000 	adrp	x0, 20006000 <xPortStartScheduler+0x40>
    2000602c:	52802401 	mov	w1, #0x120                 	// #288
    20006030:	910003fd 	mov	x29, sp
    20006034:	9128e000 	add	x0, x0, #0xa38
    20006038:	97ffec56 	bl	20001190 <amp_assert_failed>
    2000603c:	d503201f 	nop

0000000020006040 <vPortEnterCritical>:
    20006040:	d50342df 	msr	daifset, #0x2
    20006044:	d5033f9f 	dsb	sy
    20006048:	d5033fdf 	isb
    2000604c:	d5384600 	mrs	x0, s3_0_c4_c6_0
    20006050:	f102401f 	cmp	x0, #0x90
    20006054:	540000a0 	b.eq	20006068 <vPortEnterCritical+0x28>  // b.none
    20006058:	52801200 	mov	w0, #0x90                  	// #144
    2000605c:	d5184600 	msr	s3_0_c4_c6_0, x0
    20006060:	d5033f9f 	dsb	sy
    20006064:	d5033fdf 	isb
    20006068:	d50342ff 	msr	daifclr, #0x2
    2000606c:	d5033f9f 	dsb	sy
    20006070:	d5033fdf 	isb
    20006074:	b0000000 	adrp	x0, 20007000 <ullMaxAPIPriorityMask+0x580>
    20006078:	f947a401 	ldr	x1, [x0, #3912]
    2000607c:	91000421 	add	x1, x1, #0x1
    20006080:	f907a401 	str	x1, [x0, #3912]
    20006084:	f947a400 	ldr	x0, [x0, #3912]
    20006088:	f100041f 	cmp	x0, #0x1
    2000608c:	54000040 	b.eq	20006094 <vPortEnterCritical+0x54>  // b.none
    20006090:	d65f03c0 	ret
    20006094:	d0000100 	adrp	x0, 20028000 <ucHeap+0x1f8f0>
    20006098:	f943bc00 	ldr	x0, [x0, #1912]
    2000609c:	b4ffffa0 	cbz	x0, 20006090 <vPortEnterCritical+0x50>
    200060a0:	a9bf7bfd 	stp	x29, x30, [sp, #-16]!
    200060a4:	90000000 	adrp	x0, 20006000 <xPortStartScheduler+0x40>
    200060a8:	528026a1 	mov	w1, #0x135                 	// #309
    200060ac:	910003fd 	mov	x29, sp
    200060b0:	9128e000 	add	x0, x0, #0xa38
    200060b4:	97ffec37 	bl	20001190 <amp_assert_failed>
    200060b8:	d503201f 	nop
    200060bc:	d503201f 	nop

00000000200060c0 <vPortExitCritical>:
    200060c0:	b0000000 	adrp	x0, 20007000 <ullMaxAPIPriorityMask+0x580>
    200060c4:	f947a401 	ldr	x1, [x0, #3912]
    200060c8:	b4000201 	cbz	x1, 20006108 <vPortExitCritical+0x48>
    200060cc:	f947a401 	ldr	x1, [x0, #3912]
    200060d0:	d1000421 	sub	x1, x1, #0x1
    200060d4:	f907a401 	str	x1, [x0, #3912]
    200060d8:	f947a400 	ldr	x0, [x0, #3912]
    200060dc:	b5000160 	cbnz	x0, 20006108 <vPortExitCritical+0x48>
    200060e0:	d2801fe0 	mov	x0, #0xff                  	// #255
    200060e4:	d50342df 	msr	daifset, #0x2
    200060e8:	d5033f9f 	dsb	sy
    200060ec:	d5033fdf 	isb
    200060f0:	d5184600 	msr	s3_0_c4_c6_0, x0
    200060f4:	d5033f9f 	dsb	sy
    200060f8:	d5033fdf 	isb
    200060fc:	d50342ff 	msr	daifclr, #0x2
    20006100:	d5033f9f 	dsb	sy
    20006104:	d5033fdf 	isb
    20006108:	d65f03c0 	ret
    2000610c:	d503201f 	nop

0000000020006110 <FreeRTOS_Tick_Handler>:
    20006110:	a9bf7bfd 	stp	x29, x30, [sp, #-16]!
    20006114:	910003fd 	mov	x29, sp
    20006118:	d538cb60 	mrs	x0, s3_0_c12_c11_3
    2000611c:	f103801f 	cmp	x0, #0xe0
    20006120:	54000401 	b.ne	200061a0 <FreeRTOS_Tick_Handler+0x90>  // b.any
    20006124:	d53b4220 	mrs	x0, daif
    20006128:	36380340 	tbz	w0, #7, 20006190 <FreeRTOS_Tick_Handler+0x80>
    2000612c:	52801200 	mov	w0, #0x90                  	// #144
    20006130:	d5184600 	msr	s3_0_c4_c6_0, x0
    20006134:	d5033f9f 	dsb	sy
    20006138:	d5033fdf 	isb
    2000613c:	97ffed92 	bl	20001784 <amp_clear_tick>
    20006140:	d50342ff 	msr	daifclr, #0x2
    20006144:	d5033f9f 	dsb	sy
    20006148:	d5033fdf 	isb
    2000614c:	97fff269 	bl	20002af0 <xTaskIncrementTick>
    20006150:	b4000080 	cbz	x0, 20006160 <FreeRTOS_Tick_Handler+0x50>
    20006154:	d0000100 	adrp	x0, 20028000 <ucHeap+0x1f8f0>
    20006158:	d2800021 	mov	x1, #0x1                   	// #1
    2000615c:	f903c001 	str	x1, [x0, #1920]
    20006160:	d2801fe0 	mov	x0, #0xff                  	// #255
    20006164:	d50342df 	msr	daifset, #0x2
    20006168:	d5033f9f 	dsb	sy
    2000616c:	d5033fdf 	isb
    20006170:	d5184600 	msr	s3_0_c4_c6_0, x0
    20006174:	d5033f9f 	dsb	sy
    20006178:	d5033fdf 	isb
    2000617c:	d50342ff 	msr	daifclr, #0x2
    20006180:	d5033f9f 	dsb	sy
    20006184:	d5033fdf 	isb
    20006188:	a8c17bfd 	ldp	x29, x30, [sp], #16
    2000618c:	d65f03c0 	ret
    20006190:	90000000 	adrp	x0, 20006000 <xPortStartScheduler+0x40>
    20006194:	52802c01 	mov	w1, #0x160                 	// #352
    20006198:	9128e000 	add	x0, x0, #0xa38
    2000619c:	97ffebfd 	bl	20001190 <amp_assert_failed>
    200061a0:	90000000 	adrp	x0, 20006000 <xPortStartScheduler+0x40>
    200061a4:	52802ac1 	mov	w1, #0x156                 	// #342
    200061a8:	9128e000 	add	x0, x0, #0xa38
    200061ac:	97ffebf9 	bl	20001190 <amp_assert_failed>

00000000200061b0 <vPortTaskUsesFPU>:
    200061b0:	d0000100 	adrp	x0, 20028000 <ucHeap+0x1f8f0>
    200061b4:	d2800021 	mov	x1, #0x1                   	// #1
    200061b8:	f903c401 	str	x1, [x0, #1928]
    200061bc:	d65f03c0 	ret

00000000200061c0 <vPortClearInterruptMask>:
    200061c0:	b5000160 	cbnz	x0, 200061ec <vPortClearInterruptMask+0x2c>
    200061c4:	d2801fe0 	mov	x0, #0xff                  	// #255
    200061c8:	d50342df 	msr	daifset, #0x2
    200061cc:	d5033f9f 	dsb	sy
    200061d0:	d5033fdf 	isb
    200061d4:	d5184600 	msr	s3_0_c4_c6_0, x0
    200061d8:	d5033f9f 	dsb	sy
    200061dc:	d5033fdf 	isb
    200061e0:	d50342ff 	msr	daifclr, #0x2
    200061e4:	d5033f9f 	dsb	sy
    200061e8:	d5033fdf 	isb
    200061ec:	d65f03c0 	ret

00000000200061f0 <uxPortSetInterruptMask>:
    200061f0:	d50342df 	msr	daifset, #0x2
    200061f4:	d5033f9f 	dsb	sy
    200061f8:	d5033fdf 	isb
    200061fc:	d5384601 	mrs	x1, s3_0_c4_c6_0
    20006200:	d2800020 	mov	x0, #0x1                   	// #1
    20006204:	f102403f 	cmp	x1, #0x90
    20006208:	540000c0 	b.eq	20006220 <uxPortSetInterruptMask+0x30>  // b.none
    2000620c:	52801200 	mov	w0, #0x90                  	// #144
    20006210:	d5184600 	msr	s3_0_c4_c6_0, x0
    20006214:	d5033f9f 	dsb	sy
    20006218:	d5033fdf 	isb
    2000621c:	d2800000 	mov	x0, #0x0                   	// #0
    20006220:	d50342ff 	msr	daifclr, #0x2
    20006224:	d5033f9f 	dsb	sy
    20006228:	d5033fdf 	isb
    2000622c:	d65f03c0 	ret

0000000020006230 <vPortValidateInterruptPriority>:
    20006230:	d538cb60 	mrs	x0, s3_0_c12_c11_3
    20006234:	f1023c1f 	cmp	x0, #0x8f
    20006238:	54000049 	b.ls	20006240 <vPortValidateInterruptPriority+0x10>  // b.plast
    2000623c:	d65f03c0 	ret
    20006240:	a9bf7bfd 	stp	x29, x30, [sp, #-16]!
    20006244:	90000000 	adrp	x0, 20006000 <xPortStartScheduler+0x40>
    20006248:	528038c1 	mov	w1, #0x1c6                 	// #454
    2000624c:	910003fd 	mov	x29, sp
    20006250:	9128e000 	add	x0, x0, #0xa38
    20006254:	97ffebcf 	bl	20001190 <amp_assert_failed>
	...

0000000020006300 <FreeRTOS_SWI_Handler>:
    20006300:	d50040bf 	msr	spsel, #0x0
    20006304:	a9bf07e0 	stp	x0, x1, [sp, #-16]!
    20006308:	a9bf0fe2 	stp	x2, x3, [sp, #-16]!
    2000630c:	a9bf17e4 	stp	x4, x5, [sp, #-16]!
    20006310:	a9bf1fe6 	stp	x6, x7, [sp, #-16]!
    20006314:	a9bf27e8 	stp	x8, x9, [sp, #-16]!
    20006318:	a9bf2fea 	stp	x10, x11, [sp, #-16]!
    2000631c:	a9bf37ec 	stp	x12, x13, [sp, #-16]!
    20006320:	a9bf3fee 	stp	x14, x15, [sp, #-16]!
    20006324:	a9bf47f0 	stp	x16, x17, [sp, #-16]!
    20006328:	a9bf4ff2 	stp	x18, x19, [sp, #-16]!
    2000632c:	a9bf57f4 	stp	x20, x21, [sp, #-16]!
    20006330:	a9bf5ff6 	stp	x22, x23, [sp, #-16]!
    20006334:	a9bf67f8 	stp	x24, x25, [sp, #-16]!
    20006338:	a9bf6ffa 	stp	x26, x27, [sp, #-16]!
    2000633c:	a9bf77fc 	stp	x28, x29, [sp, #-16]!
    20006340:	a9bf7ffe 	stp	x30, xzr, [sp, #-16]!
    20006344:	d5384003 	mrs	x3, spsr_el1
    20006348:	d5384022 	mrs	x2, elr_el1
    2000634c:	a9bf0fe2 	stp	x2, x3, [sp, #-16]!
    20006350:	58002dc0 	ldr	x0, 20006908 <ullCriticalNestingConst>
    20006354:	f9400003 	ldr	x3, [x0]
    20006358:	58002dc0 	ldr	x0, 20006910 <ullPortTaskHasFPUContextConst>
    2000635c:	f9400002 	ldr	x2, [x0]
    20006360:	f100005f 	cmp	x2, #0x0
    20006364:	54000220 	b.eq	200063a8 <FreeRTOS_SWI_Handler+0xa8>  // b.none
    20006368:	adbf07e0 	stp	q0, q1, [sp, #-32]!
    2000636c:	adbf0fe2 	stp	q2, q3, [sp, #-32]!
    20006370:	adbf17e4 	stp	q4, q5, [sp, #-32]!
    20006374:	adbf1fe6 	stp	q6, q7, [sp, #-32]!
    20006378:	adbf27e8 	stp	q8, q9, [sp, #-32]!
    2000637c:	adbf2fea 	stp	q10, q11, [sp, #-32]!
    20006380:	adbf37ec 	stp	q12, q13, [sp, #-32]!
    20006384:	adbf3fee 	stp	q14, q15, [sp, #-32]!
    20006388:	adbf47f0 	stp	q16, q17, [sp, #-32]!
    2000638c:	adbf4ff2 	stp	q18, q19, [sp, #-32]!
    20006390:	adbf57f4 	stp	q20, q21, [sp, #-32]!
    20006394:	adbf5ff6 	stp	q22, q23, [sp, #-32]!
    20006398:	adbf67f8 	stp	q24, q25, [sp, #-32]!
    2000639c:	adbf6ffa 	stp	q26, q27, [sp, #-32]!
    200063a0:	adbf77fc 	stp	q28, q29, [sp, #-32]!
    200063a4:	adbf7ffe 	stp	q30, q31, [sp, #-32]!
    200063a8:	a9bf0fe2 	stp	x2, x3, [sp, #-16]!
    200063ac:	58002aa0 	ldr	x0, 20006900 <pxCurrentTCBConst>
    200063b0:	f9400001 	ldr	x1, [x0]
    200063b4:	910003e0 	mov	x0, sp
    200063b8:	f9000020 	str	x0, [x1]
    200063bc:	d50041bf 	msr	spsel, #0x1
    200063c0:	d5385200 	mrs	x0, esr_el1
    200063c4:	d35afc01 	lsr	x1, x0, #26
    200063c8:	f100543f 	cmp	x1, #0x15
    200063cc:	54000761 	b.ne	200064b8 <FreeRTOS_Abort>  // b.any
    200063d0:	97fff1d4 	bl	20002b20 <vTaskSwitchContext>
    200063d4:	d50040bf 	msr	spsel, #0x0
    200063d8:	58002940 	ldr	x0, 20006900 <pxCurrentTCBConst>
    200063dc:	f9400001 	ldr	x1, [x0]
    200063e0:	f9400020 	ldr	x0, [x1]
    200063e4:	9100001f 	mov	sp, x0
    200063e8:	a8c10fe2 	ldp	x2, x3, [sp], #16
    200063ec:	580028e0 	ldr	x0, 20006908 <ullCriticalNestingConst>
    200063f0:	d2801fe1 	mov	x1, #0xff                  	// #255
    200063f4:	f100007f 	cmp	x3, #0x0
    200063f8:	54000060 	b.eq	20006404 <FreeRTOS_SWI_Handler+0x104>  // b.none
    200063fc:	580028e6 	ldr	x6, 20006918 <ullMaxAPIPriorityMaskConst>
    20006400:	f94000c1 	ldr	x1, [x6]
    20006404:	d5184601 	msr	s3_0_c4_c6_0, x1
    20006408:	d5033f9f 	dsb	sy
    2000640c:	d5033fdf 	isb
    20006410:	f9000003 	str	x3, [x0]
    20006414:	580027e0 	ldr	x0, 20006910 <ullPortTaskHasFPUContextConst>
    20006418:	f9000002 	str	x2, [x0]
    2000641c:	f100005f 	cmp	x2, #0x0
    20006420:	54000220 	b.eq	20006464 <FreeRTOS_SWI_Handler+0x164>  // b.none
    20006424:	acc17ffe 	ldp	q30, q31, [sp], #32
    20006428:	acc177fc 	ldp	q28, q29, [sp], #32
    2000642c:	acc16ffa 	ldp	q26, q27, [sp], #32
    20006430:	acc167f8 	ldp	q24, q25, [sp], #32
    20006434:	acc15ff6 	ldp	q22, q23, [sp], #32
    20006438:	acc157f4 	ldp	q20, q21, [sp], #32
    2000643c:	acc14ff2 	ldp	q18, q19, [sp], #32
    20006440:	acc147f0 	ldp	q16, q17, [sp], #32
    20006444:	acc13fee 	ldp	q14, q15, [sp], #32
    20006448:	acc137ec 	ldp	q12, q13, [sp], #32
    2000644c:	acc12fea 	ldp	q10, q11, [sp], #32
    20006450:	acc127e8 	ldp	q8, q9, [sp], #32
    20006454:	acc11fe6 	ldp	q6, q7, [sp], #32
    20006458:	acc117e4 	ldp	q4, q5, [sp], #32
    2000645c:	acc10fe2 	ldp	q2, q3, [sp], #32
    20006460:	acc107e0 	ldp	q0, q1, [sp], #32
    20006464:	a8c10fe2 	ldp	x2, x3, [sp], #16
    20006468:	d5184003 	msr	spsr_el1, x3
    2000646c:	d5184022 	msr	elr_el1, x2
    20006470:	a8c17ffe 	ldp	x30, xzr, [sp], #16
    20006474:	a8c177fc 	ldp	x28, x29, [sp], #16
    20006478:	a8c16ffa 	ldp	x26, x27, [sp], #16
    2000647c:	a8c167f8 	ldp	x24, x25, [sp], #16
    20006480:	a8c15ff6 	ldp	x22, x23, [sp], #16
    20006484:	a8c157f4 	ldp	x20, x21, [sp], #16
    20006488:	a8c14ff2 	ldp	x18, x19, [sp], #16
    2000648c:	a8c147f0 	ldp	x16, x17, [sp], #16
    20006490:	a8c13fee 	ldp	x14, x15, [sp], #16
    20006494:	a8c137ec 	ldp	x12, x13, [sp], #16
    20006498:	a8c12fea 	ldp	x10, x11, [sp], #16
    2000649c:	a8c127e8 	ldp	x8, x9, [sp], #16
    200064a0:	a8c11fe6 	ldp	x6, x7, [sp], #16
    200064a4:	a8c117e4 	ldp	x4, x5, [sp], #16
    200064a8:	a8c10fe2 	ldp	x2, x3, [sp], #16
    200064ac:	a8c107e0 	ldp	x0, x1, [sp], #16
    200064b0:	d50041bf 	msr	spsel, #0x1
    200064b4:	d69f03e0 	eret

00000000200064b8 <FreeRTOS_Abort>:
    200064b8:	14000000 	b	200064b8 <FreeRTOS_Abort>
    200064bc:	d503201f 	nop
    200064c0:	d503201f 	nop
    200064c4:	d503201f 	nop
    200064c8:	d503201f 	nop
    200064cc:	d503201f 	nop
    200064d0:	d503201f 	nop
    200064d4:	d503201f 	nop
    200064d8:	d503201f 	nop
    200064dc:	d503201f 	nop
    200064e0:	d503201f 	nop
    200064e4:	d503201f 	nop
    200064e8:	d503201f 	nop
    200064ec:	d503201f 	nop
    200064f0:	d503201f 	nop
    200064f4:	d503201f 	nop
    200064f8:	d503201f 	nop
    200064fc:	d503201f 	nop

0000000020006500 <vPortRestoreTaskContext>:
    20006500:	58002181 	ldr	x1, 20006930 <ullPortYieldRequiredConst+0x8>
    20006504:	d518c001 	msr	vbar_el1, x1
    20006508:	d5033f9f 	dsb	sy
    2000650c:	d5033fdf 	isb
    20006510:	d50040bf 	msr	spsel, #0x0
    20006514:	58001f60 	ldr	x0, 20006900 <pxCurrentTCBConst>
    20006518:	f9400001 	ldr	x1, [x0]
    2000651c:	f9400020 	ldr	x0, [x1]
    20006520:	9100001f 	mov	sp, x0
    20006524:	a8c10fe2 	ldp	x2, x3, [sp], #16
    20006528:	58001f00 	ldr	x0, 20006908 <ullCriticalNestingConst>
    2000652c:	d2801fe1 	mov	x1, #0xff                  	// #255
    20006530:	f100007f 	cmp	x3, #0x0
    20006534:	54000060 	b.eq	20006540 <vPortRestoreTaskContext+0x40>  // b.none
    20006538:	58001f06 	ldr	x6, 20006918 <ullMaxAPIPriorityMaskConst>
    2000653c:	f94000c1 	ldr	x1, [x6]
    20006540:	d5184601 	msr	s3_0_c4_c6_0, x1
    20006544:	d5033f9f 	dsb	sy
    20006548:	d5033fdf 	isb
    2000654c:	f9000003 	str	x3, [x0]
    20006550:	58001e00 	ldr	x0, 20006910 <ullPortTaskHasFPUContextConst>
    20006554:	f9000002 	str	x2, [x0]
    20006558:	f100005f 	cmp	x2, #0x0
    2000655c:	54000220 	b.eq	200065a0 <vPortRestoreTaskContext+0xa0>  // b.none
    20006560:	acc17ffe 	ldp	q30, q31, [sp], #32
    20006564:	acc177fc 	ldp	q28, q29, [sp], #32
    20006568:	acc16ffa 	ldp	q26, q27, [sp], #32
    2000656c:	acc167f8 	ldp	q24, q25, [sp], #32
    20006570:	acc15ff6 	ldp	q22, q23, [sp], #32
    20006574:	acc157f4 	ldp	q20, q21, [sp], #32
    20006578:	acc14ff2 	ldp	q18, q19, [sp], #32
    2000657c:	acc147f0 	ldp	q16, q17, [sp], #32
    20006580:	acc13fee 	ldp	q14, q15, [sp], #32
    20006584:	acc137ec 	ldp	q12, q13, [sp], #32
    20006588:	acc12fea 	ldp	q10, q11, [sp], #32
    2000658c:	acc127e8 	ldp	q8, q9, [sp], #32
    20006590:	acc11fe6 	ldp	q6, q7, [sp], #32
    20006594:	acc117e4 	ldp	q4, q5, [sp], #32
    20006598:	acc10fe2 	ldp	q2, q3, [sp], #32
    2000659c:	acc107e0 	ldp	q0, q1, [sp], #32
    200065a0:	a8c10fe2 	ldp	x2, x3, [sp], #16
    200065a4:	d5184003 	msr	spsr_el1, x3
    200065a8:	d5184022 	msr	elr_el1, x2
    200065ac:	a8c17ffe 	ldp	x30, xzr, [sp], #16
    200065b0:	a8c177fc 	ldp	x28, x29, [sp], #16
    200065b4:	a8c16ffa 	ldp	x26, x27, [sp], #16
    200065b8:	a8c167f8 	ldp	x24, x25, [sp], #16
    200065bc:	a8c15ff6 	ldp	x22, x23, [sp], #16
    200065c0:	a8c157f4 	ldp	x20, x21, [sp], #16
    200065c4:	a8c14ff2 	ldp	x18, x19, [sp], #16
    200065c8:	a8c147f0 	ldp	x16, x17, [sp], #16
    200065cc:	a8c13fee 	ldp	x14, x15, [sp], #16
    200065d0:	a8c137ec 	ldp	x12, x13, [sp], #16
    200065d4:	a8c12fea 	ldp	x10, x11, [sp], #16
    200065d8:	a8c127e8 	ldp	x8, x9, [sp], #16
    200065dc:	a8c11fe6 	ldp	x6, x7, [sp], #16
    200065e0:	a8c117e4 	ldp	x4, x5, [sp], #16
    200065e4:	a8c10fe2 	ldp	x2, x3, [sp], #16
    200065e8:	a8c107e0 	ldp	x0, x1, [sp], #16
    200065ec:	d50041bf 	msr	spsel, #0x1
    200065f0:	d69f03e0 	eret
    200065f4:	d503201f 	nop
    200065f8:	d503201f 	nop
    200065fc:	d503201f 	nop

0000000020006600 <FreeRTOS_IRQ_Handler>:
    20006600:	a9bf07e0 	stp	x0, x1, [sp, #-16]!
    20006604:	a9bf0fe2 	stp	x2, x3, [sp, #-16]!
    20006608:	a9bf17e4 	stp	x4, x5, [sp, #-16]!
    2000660c:	a9bf1fe6 	stp	x6, x7, [sp, #-16]!
    20006610:	a9bf27e8 	stp	x8, x9, [sp, #-16]!
    20006614:	a9bf2fea 	stp	x10, x11, [sp, #-16]!
    20006618:	a9bf37ec 	stp	x12, x13, [sp, #-16]!
    2000661c:	a9bf3fee 	stp	x14, x15, [sp, #-16]!
    20006620:	a9bf47f0 	stp	x16, x17, [sp, #-16]!
    20006624:	a9bf4ff2 	stp	x18, x19, [sp, #-16]!
    20006628:	a9bf7bfd 	stp	x29, x30, [sp, #-16]!
    2000662c:	d5384003 	mrs	x3, spsr_el1
    20006630:	d5384022 	mrs	x2, elr_el1
    20006634:	a9bf0fe2 	stp	x2, x3, [sp, #-16]!
    20006638:	58001745 	ldr	x5, 20006920 <ullPortInterruptNestingConst>
    2000663c:	f94000a1 	ldr	x1, [x5]
    20006640:	91000426 	add	x6, x1, #0x1
    20006644:	f90000a6 	str	x6, [x5]
    20006648:	a9bf17e1 	stp	x1, x5, [sp, #-16]!
    2000664c:	d538cc00 	mrs	x0, s3_0_c12_c12_0
    20006650:	a9bf07e0 	stp	x0, x1, [sp, #-16]!
    20006654:	97ffec5c 	bl	200017c4 <vApplicationIRQHandler>
    20006658:	d50342df 	msr	daifset, #0x2
    2000665c:	d5033f9f 	dsb	sy
    20006660:	d5033fdf 	isb
    20006664:	a8c107e0 	ldp	x0, x1, [sp], #16
    20006668:	d518cc20 	msr	s3_0_c12_c12_1, x0
    2000666c:	a8c117e1 	ldp	x1, x5, [sp], #16
    20006670:	f90000a1 	str	x1, [x5]
    20006674:	f100003f 	cmp	x1, #0x0
    20006678:	54001021 	b.ne	2000687c <Exit_IRQ_No_Context_Switch>  // b.any
    2000667c:	58001560 	ldr	x0, 20006928 <ullPortYieldRequiredConst>
    20006680:	f9400001 	ldr	x1, [x0]
    20006684:	f100003f 	cmp	x1, #0x0
    20006688:	54000fa0 	b.eq	2000687c <Exit_IRQ_No_Context_Switch>  // b.none
    2000668c:	d2800002 	mov	x2, #0x0                   	// #0
    20006690:	f9000002 	str	x2, [x0]
    20006694:	a8c117e4 	ldp	x4, x5, [sp], #16
    20006698:	d5184005 	msr	spsr_el1, x5
    2000669c:	d5184024 	msr	elr_el1, x4
    200066a0:	d5033f9f 	dsb	sy
    200066a4:	d5033fdf 	isb
    200066a8:	a8c17bfd 	ldp	x29, x30, [sp], #16
    200066ac:	a8c14ff2 	ldp	x18, x19, [sp], #16
    200066b0:	a8c147f0 	ldp	x16, x17, [sp], #16
    200066b4:	a8c13fee 	ldp	x14, x15, [sp], #16
    200066b8:	a8c137ec 	ldp	x12, x13, [sp], #16
    200066bc:	a8c12fea 	ldp	x10, x11, [sp], #16
    200066c0:	a8c127e8 	ldp	x8, x9, [sp], #16
    200066c4:	a8c11fe6 	ldp	x6, x7, [sp], #16
    200066c8:	a8c117e4 	ldp	x4, x5, [sp], #16
    200066cc:	a8c10fe2 	ldp	x2, x3, [sp], #16
    200066d0:	a8c107e0 	ldp	x0, x1, [sp], #16
    200066d4:	d50040bf 	msr	spsel, #0x0
    200066d8:	a9bf07e0 	stp	x0, x1, [sp, #-16]!
    200066dc:	a9bf0fe2 	stp	x2, x3, [sp, #-16]!
    200066e0:	a9bf17e4 	stp	x4, x5, [sp, #-16]!
    200066e4:	a9bf1fe6 	stp	x6, x7, [sp, #-16]!
    200066e8:	a9bf27e8 	stp	x8, x9, [sp, #-16]!
    200066ec:	a9bf2fea 	stp	x10, x11, [sp, #-16]!
    200066f0:	a9bf37ec 	stp	x12, x13, [sp, #-16]!
    200066f4:	a9bf3fee 	stp	x14, x15, [sp, #-16]!
    200066f8:	a9bf47f0 	stp	x16, x17, [sp, #-16]!
    200066fc:	a9bf4ff2 	stp	x18, x19, [sp, #-16]!
    20006700:	a9bf57f4 	stp	x20, x21, [sp, #-16]!
    20006704:	a9bf5ff6 	stp	x22, x23, [sp, #-16]!
    20006708:	a9bf67f8 	stp	x24, x25, [sp, #-16]!
    2000670c:	a9bf6ffa 	stp	x26, x27, [sp, #-16]!
    20006710:	a9bf77fc 	stp	x28, x29, [sp, #-16]!
    20006714:	a9bf7ffe 	stp	x30, xzr, [sp, #-16]!
    20006718:	d5384003 	mrs	x3, spsr_el1
    2000671c:	d5384022 	mrs	x2, elr_el1
    20006720:	a9bf0fe2 	stp	x2, x3, [sp, #-16]!
    20006724:	58000f20 	ldr	x0, 20006908 <ullCriticalNestingConst>
    20006728:	f9400003 	ldr	x3, [x0]
    2000672c:	58000f20 	ldr	x0, 20006910 <ullPortTaskHasFPUContextConst>
    20006730:	f9400002 	ldr	x2, [x0]
    20006734:	f100005f 	cmp	x2, #0x0
    20006738:	54000220 	b.eq	2000677c <FreeRTOS_IRQ_Handler+0x17c>  // b.none
    2000673c:	adbf07e0 	stp	q0, q1, [sp, #-32]!
    20006740:	adbf0fe2 	stp	q2, q3, [sp, #-32]!
    20006744:	adbf17e4 	stp	q4, q5, [sp, #-32]!
    20006748:	adbf1fe6 	stp	q6, q7, [sp, #-32]!
    2000674c:	adbf27e8 	stp	q8, q9, [sp, #-32]!
    20006750:	adbf2fea 	stp	q10, q11, [sp, #-32]!
    20006754:	adbf37ec 	stp	q12, q13, [sp, #-32]!
    20006758:	adbf3fee 	stp	q14, q15, [sp, #-32]!
    2000675c:	adbf47f0 	stp	q16, q17, [sp, #-32]!
    20006760:	adbf4ff2 	stp	q18, q19, [sp, #-32]!
    20006764:	adbf57f4 	stp	q20, q21, [sp, #-32]!
    20006768:	adbf5ff6 	stp	q22, q23, [sp, #-32]!
    2000676c:	adbf67f8 	stp	q24, q25, [sp, #-32]!
    20006770:	adbf6ffa 	stp	q26, q27, [sp, #-32]!
    20006774:	adbf77fc 	stp	q28, q29, [sp, #-32]!
    20006778:	adbf7ffe 	stp	q30, q31, [sp, #-32]!
    2000677c:	a9bf0fe2 	stp	x2, x3, [sp, #-16]!
    20006780:	58000c00 	ldr	x0, 20006900 <pxCurrentTCBConst>
    20006784:	f9400001 	ldr	x1, [x0]
    20006788:	910003e0 	mov	x0, sp
    2000678c:	f9000020 	str	x0, [x1]
    20006790:	d50041bf 	msr	spsel, #0x1
    20006794:	97fff0e3 	bl	20002b20 <vTaskSwitchContext>
    20006798:	d50040bf 	msr	spsel, #0x0
    2000679c:	58000b20 	ldr	x0, 20006900 <pxCurrentTCBConst>
    200067a0:	f9400001 	ldr	x1, [x0]
    200067a4:	f9400020 	ldr	x0, [x1]
    200067a8:	9100001f 	mov	sp, x0
    200067ac:	a8c10fe2 	ldp	x2, x3, [sp], #16
    200067b0:	58000ac0 	ldr	x0, 20006908 <ullCriticalNestingConst>
    200067b4:	d2801fe1 	mov	x1, #0xff                  	// #255
    200067b8:	f100007f 	cmp	x3, #0x0
    200067bc:	54000060 	b.eq	200067c8 <FreeRTOS_IRQ_Handler+0x1c8>  // b.none
    200067c0:	58000ac6 	ldr	x6, 20006918 <ullMaxAPIPriorityMaskConst>
    200067c4:	f94000c1 	ldr	x1, [x6]
    200067c8:	d5184601 	msr	s3_0_c4_c6_0, x1
    200067cc:	d5033f9f 	dsb	sy
    200067d0:	d5033fdf 	isb
    200067d4:	f9000003 	str	x3, [x0]
    200067d8:	580009c0 	ldr	x0, 20006910 <ullPortTaskHasFPUContextConst>
    200067dc:	f9000002 	str	x2, [x0]
    200067e0:	f100005f 	cmp	x2, #0x0
    200067e4:	54000220 	b.eq	20006828 <FreeRTOS_IRQ_Handler+0x228>  // b.none
    200067e8:	acc17ffe 	ldp	q30, q31, [sp], #32
    200067ec:	acc177fc 	ldp	q28, q29, [sp], #32
    200067f0:	acc16ffa 	ldp	q26, q27, [sp], #32
    200067f4:	acc167f8 	ldp	q24, q25, [sp], #32
    200067f8:	acc15ff6 	ldp	q22, q23, [sp], #32
    200067fc:	acc157f4 	ldp	q20, q21, [sp], #32
    20006800:	acc14ff2 	ldp	q18, q19, [sp], #32
    20006804:	acc147f0 	ldp	q16, q17, [sp], #32
    20006808:	acc13fee 	ldp	q14, q15, [sp], #32
    2000680c:	acc137ec 	ldp	q12, q13, [sp], #32
    20006810:	acc12fea 	ldp	q10, q11, [sp], #32
    20006814:	acc127e8 	ldp	q8, q9, [sp], #32
    20006818:	acc11fe6 	ldp	q6, q7, [sp], #32
    2000681c:	acc117e4 	ldp	q4, q5, [sp], #32
    20006820:	acc10fe2 	ldp	q2, q3, [sp], #32
    20006824:	acc107e0 	ldp	q0, q1, [sp], #32
    20006828:	a8c10fe2 	ldp	x2, x3, [sp], #16
    2000682c:	d5184003 	msr	spsr_el1, x3
    20006830:	d5184022 	msr	elr_el1, x2
    20006834:	a8c17ffe 	ldp	x30, xzr, [sp], #16
    20006838:	a8c177fc 	ldp	x28, x29, [sp], #16
    2000683c:	a8c16ffa 	ldp	x26, x27, [sp], #16
    20006840:	a8c167f8 	ldp	x24, x25, [sp], #16
    20006844:	a8c15ff6 	ldp	x22, x23, [sp], #16
    20006848:	a8c157f4 	ldp	x20, x21, [sp], #16
    2000684c:	a8c14ff2 	ldp	x18, x19, [sp], #16
    20006850:	a8c147f0 	ldp	x16, x17, [sp], #16
    20006854:	a8c13fee 	ldp	x14, x15, [sp], #16
    20006858:	a8c137ec 	ldp	x12, x13, [sp], #16
    2000685c:	a8c12fea 	ldp	x10, x11, [sp], #16
    20006860:	a8c127e8 	ldp	x8, x9, [sp], #16
    20006864:	a8c11fe6 	ldp	x6, x7, [sp], #16
    20006868:	a8c117e4 	ldp	x4, x5, [sp], #16
    2000686c:	a8c10fe2 	ldp	x2, x3, [sp], #16
    20006870:	a8c107e0 	ldp	x0, x1, [sp], #16
    20006874:	d50041bf 	msr	spsel, #0x1
    20006878:	d69f03e0 	eret

000000002000687c <Exit_IRQ_No_Context_Switch>:
    2000687c:	a8c117e4 	ldp	x4, x5, [sp], #16
    20006880:	d5184005 	msr	spsr_el1, x5
    20006884:	d5184024 	msr	elr_el1, x4
    20006888:	d5033f9f 	dsb	sy
    2000688c:	d5033fdf 	isb
    20006890:	a8c17bfd 	ldp	x29, x30, [sp], #16
    20006894:	a8c14ff2 	ldp	x18, x19, [sp], #16
    20006898:	a8c147f0 	ldp	x16, x17, [sp], #16
    2000689c:	a8c13fee 	ldp	x14, x15, [sp], #16
    200068a0:	a8c137ec 	ldp	x12, x13, [sp], #16
    200068a4:	a8c12fea 	ldp	x10, x11, [sp], #16
    200068a8:	a8c127e8 	ldp	x8, x9, [sp], #16
    200068ac:	a8c11fe6 	ldp	x6, x7, [sp], #16
    200068b0:	a8c117e4 	ldp	x4, x5, [sp], #16
    200068b4:	a8c10fe2 	ldp	x2, x3, [sp], #16
    200068b8:	a8c107e0 	ldp	x0, x1, [sp], #16
    200068bc:	d69f03e0 	eret
    200068c0:	d503201f 	nop
    200068c4:	d503201f 	nop
    200068c8:	d503201f 	nop
    200068cc:	d503201f 	nop
    200068d0:	d503201f 	nop
    200068d4:	d503201f 	nop
    200068d8:	d503201f 	nop
    200068dc:	d503201f 	nop
    200068e0:	d503201f 	nop
    200068e4:	d503201f 	nop
    200068e8:	d503201f 	nop
    200068ec:	d503201f 	nop
    200068f0:	d503201f 	nop
    200068f4:	d503201f 	nop
    200068f8:	d503201f 	nop
    200068fc:	d503201f 	nop

0000000020006900 <pxCurrentTCBConst>:
    20006900:	200085f8 	.word	0x200085f8
    20006904:	00000000 	.word	0x00000000

0000000020006908 <ullCriticalNestingConst>:
    20006908:	20007f48 	.word	0x20007f48
    2000690c:	00000000 	.word	0x00000000

0000000020006910 <ullPortTaskHasFPUContextConst>:
    20006910:	20028788 	.word	0x20028788
    20006914:	00000000 	.word	0x00000000

0000000020006918 <ullMaxAPIPriorityMaskConst>:
    20006918:	20006a80 	.word	0x20006a80
    2000691c:	00000000 	.word	0x00000000

0000000020006920 <ullPortInterruptNestingConst>:
    20006920:	20028778 	.word	0x20028778
    20006924:	00000000 	.word	0x00000000

0000000020006928 <ullPortYieldRequiredConst>:
    20006928:	20028780 	.word	0x20028780
    2000692c:	00000000 	.word	0x00000000
    20006930:	20000800 	.word	0x20000800
    20006934:	00000000 	.word	0x00000000
